helper_id,chunk_id,event,decoded_count,timestamp
2,26,RECOVERED,1,1780138822.433613
2,26,SENT,1,1780138823.9296362
2,4,RECOVERED,2,1780138837.8408108
2,8,RECOVERED,3,1780138837.8411887
2,7,RECOVERED,4,1780138837.8416212
2,4,SENT,4,1780138839.2912552
2,8,SENT,4,1780138841.1896107
2,7,SENT,4,1780138842.6776268
2,23,RECOVERED,5,1780138846.4735627
2,20,RECOVERED,6,1780138846.4739091
2,23,SENT,6,1780138848.1775877
2,20,SENT,6,1780138849.9536078
2,14,RECOVERED,7,1780138861.8472817
2,14,SENT,7,1780138863.3616164
2,30,RECOVERED,8,1780138863.362285
2,30,SENT,8,1780138864.7576199
2,24,RECOVERED,9,1780138883.5745406
2,2,RECOVERED,10,1780138883.574817
2,5,RECOVERED,11,1780138883.5757008
2,24,SENT,11,1780138885.4296021
2,2,SENT,11,1780138886.8936183
2,5,SENT,11,1780138888.7056088
2,18,RECOVERED,1,1780305227.7293274
2,18,SENT,1,1780305229.6042867
2,33,RECOVERED,2,1780305240.9323704
2,30,RECOVERED,3,1780305240.9327881
2,33,SENT,3,1780305242.5562599
2,30,SENT,3,1780305244.1802623
2,37,RECOVERED,4,1780305252.7045672
2,37,SENT,4,1780305254.1882606
2,11,RECOVERED,5,1780305265.9591036
2,11,SENT,5,1780305267.836263
2,25,RECOVERED,6,1780305273.5395641
2,4,RECOVERED,7,1780305273.5399976
2,25,SENT,7,1780305275.4042614
2,4,SENT,7,1780305276.9322631
2,13,RECOVERED,8,1780305287.8680801
2,0,RECOVERED,9,1780305287.868734
2,26,RECOVERED,10,1780305287.869545
2,10,RECOVERED,11,1780305287.8699942
2,13,SENT,11,1780305289.2442577
2,0,SENT,11,1780305290.656269
2,26,SENT,11,1780305292.1882563
2,10,SENT,11,1780305294.1322632
2,27,RECOVERED,12,1780305297.5902715
2,23,RECOVERED,13,1780305297.5907788
2,27,SENT,13,1780305298.9842694
2,23,SENT,13,1780305300.7362635
2,6,RECOVERED,14,1780305300.737337
2,6,SENT,14,1780305302.2242568
2,7,RECOVERED,15,1780305315.0524669
2,7,SENT,15,1780305316.58027
2,34,RECOVERED,16,1780305321.620231
2,15,RECOVERED,17,1780305321.6209335
2,34,SENT,17,1780305323.2082617
2,15,SENT,17,1780305324.8802674
2,22,RECOVERED,18,1780305324.8835804
2,28,RECOVERED,19,1780305324.8848743
2,22,SENT,19,1780305326.2442553
2,28,SENT,19,1780305327.6042676
2,35,RECOVERED,20,1780305336.899392
2,35,SENT,20,1780305338.504254
2,16,RECOVERED,21,1780305348.8734543
2,16,SENT,21,1780305350.3922584
2,3,RECOVERED,22,1780305361.7979228
2,31,RECOVERED,23,1780305361.7984903
2,2,RECOVERED,24,1780305361.7988644
2,29,RECOVERED,25,1780305361.7990353
2,14,RECOVERED,26,1780305361.799828
2,21,RECOVERED,27,1780305361.800083
2,1,RECOVERED,28,1780305361.8002522
2,5,RECOVERED,29,1780305361.80096
2,24,RECOVERED,30,1780305361.8017137
2,20,RECOVERED,31,1780305361.8024426
2,9,RECOVERED,32,1780305361.8028147
2,8,RECOVERED,33,1780305361.803289
2,19,RECOVERED,34,1780305361.8035657
2,32,RECOVERED,35,1780305361.8046587
2,12,RECOVERED,36,1780305361.8051662
2,36,RECOVERED,37,1780305361.8056045
2,3,SENT,37,1780305363.5002596
2,31,SENT,37,1780305365.448272
2,2,SENT,37,1780305366.8162694
2,29,SENT,37,1780305368.3082705
2,14,SENT,37,1780305370.1602714
2,21,SENT,37,1780305371.5842643
2,1,SENT,37,1780305372.976279
2,5,SENT,37,1780305374.7922626
2,24,SENT,37,1780305376.2882786
2,20,SENT,37,1780305378.06427
2,9,SENT,37,1780305379.5042624
2,8,SENT,37,1780305381.1002836
2,19,SENT,37,1780305382.6522639
2,32,SENT,37,1780305384.0322719
2,12,SENT,37,1780305385.864285
2,36,SENT,37,1780305387.4962647
2,17,RECOVERED,38,1780305491.7314887
2,-1,COMPLETE_267.64,38,1780305491.7317598
2,17,SENT,38,1780305493.3802629
2,6,RECOVERED,1,1780307881.1787827
2,6,SENT,1,1780307882.7482882
2,25,RECOVERED,2,1780307894.3215086
2,25,SENT,2,1780307896.088269
2,8,RECOVERED,3,1780307902.9982123
2,8,SENT,3,1780307904.5482433
2,27,RECOVERED,4,1780307913.858457
2,27,SENT,4,1780307915.2602637
2,35,RECOVERED,5,1780307928.160053
2,35,SENT,5,1780307929.63226
2,24,RECOVERED,6,1780307939.0399327
2,13,RECOVERED,7,1780307939.0408597
2,22,RECOVERED,8,1780307939.0418074
2,24,SENT,8,1780307940.9682732
2,13,SENT,8,1780307942.81226
2,22,SENT,8,1780307944.2962687
2,11,RECOVERED,9,1780307961.9069788
2,11,SENT,9,1780307963.7402716
2,18,RECOVERED,10,1780307975.0689142
2,18,SENT,10,1780307976.7002442
2,26,RECOVERED,11,1780307986.9885266
2,26,SENT,11,1780307988.7842603
2,10,RECOVERED,12,1780307988.785919
2,10,SENT,12,1780307990.496253
2,21,RECOVERED,13,1780307998.9057596
2,28,RECOVERED,14,1780307998.9065363
2,19,RECOVERED,15,1780307998.908128
2,31,RECOVERED,16,1780307998.9089167
2,16,RECOVERED,17,1780307998.9115536
2,15,RECOVERED,18,1780307998.9130538
2,32,RECOVERED,19,1780307998.9139843
2,9,RECOVERED,20,1780307998.9154642
2,12,RECOVERED,21,1780307998.9161272
2,23,RECOVERED,22,1780307998.9173234
2,14,RECOVERED,23,1780307998.9185305
2,21,SENT,23,1780308000.728253
2,28,SENT,23,1780308002.5082545
2,19,SENT,23,1780308004.2642632
2,31,SENT,23,1780308005.936267
2,16,SENT,23,1780308007.7442632
2,15,SENT,23,1780308009.6762698
2,32,SENT,23,1780308011.0962582
2,9,SENT,23,1780308012.6122541
2,12,SENT,23,1780308014.4682598
2,23,SENT,23,1780308016.2442632
2,14,SENT,23,1780308017.688258
2,1,RECOVERED,24,1780308033.94068
2,1,SENT,24,1780308035.4042675
2,34,RECOVERED,25,1780308038.0417304
2,17,RECOVERED,26,1780308038.0432417
2,34,SENT,26,1780308039.5762749
2,17,SENT,26,1780308041.4682627
2,5,RECOVERED,27,1780308041.4709432
2,30,RECOVERED,28,1780308041.4764009
2,5,SENT,28,1780308043.2642553
2,30,SENT,28,1780308045.1603196
2,3,RECOVERED,29,1780308048.0626576
2,20,RECOVERED,30,1780308048.0654716
2,37,RECOVERED,31,1780308048.0662272
2,4,RECOVERED,32,1780308048.0671396
2,0,RECOVERED,33,1780308048.067852
2,36,RECOVERED,34,1780308048.069195
2,29,RECOVERED,35,1780308048.0699642
2,33,RECOVERED,36,1780308048.070656
2,2,RECOVERED,37,1780308048.071361
2,7,RECOVERED,38,1780308048.0726798
2,-1,COMPLETE_171.66,38,1780308048.0752344
2,3,SENT,38,1780308049.8922493
2,20,SENT,38,1780308051.8162594
2,37,SENT,38,1780308053.2362459
2,4,SENT,38,1780308055.0322473
2,0,SENT,38,1780308056.444237
2,36,SENT,38,1780308058.004272
2,29,SENT,38,1780308059.8621285
2,33,SENT,38,1780308061.5082612
2,2,SENT,38,1780308063.112261
2,7,SENT,38,1780308064.7082667
2,30,RECOVERED,1,1780308423.4834678
2,30,SENT,1,1780308425.3602855
2,4,RECOVERED,2,1780308425.3606791
2,4,SENT,2,1780308426.948263
2,15,RECOVERED,3,1780308435.4442213
2,15,SENT,3,1780308437.000256
2,22,RECOVERED,4,1780308447.5247653
2,22,SENT,4,1780308448.8802488
2,27,RECOVERED,5,1780308451.900729
2,27,SENT,5,1780308453.3522584
2,18,RECOVERED,6,1780308461.6840703
2,24,RECOVERED,7,1780308461.6850622
2,18,SENT,7,1780308463.604256
2,24,SENT,7,1780308465.200256
2,6,RECOVERED,8,1780308486.8007
2,6,SENT,8,1780308488.1562507
2,35,RECOVERED,9,1780308495.518241
2,35,SENT,9,1780308497.432257
2,5,RECOVERED,10,1780308509.631887
2,9,RECOVERED,11,1780308509.6345997
2,33,RECOVERED,12,1780308509.6357732
2,31,RECOVERED,13,1780308509.6366231
2,26,RECOVERED,14,1780308509.637377
2,10,RECOVERED,15,1780308509.6380982
2,7,RECOVERED,16,1780308509.6388216
2,5,SENT,16,1780308511.2962568
2,9,SENT,16,1780308513.160258
2,33,SENT,16,1780308514.8202467
2,31,SENT,16,1780308516.4202547
2,26,SENT,16,1780308518.180258
2,10,SENT,16,1780308520.1122599
2,7,SENT,16,1780308521.5522547
2,28,RECOVERED,17,1780308521.553965
2,28,SENT,17,1780308523.4802508
2,13,RECOVERED,18,1780308530.4409788
2,13,SENT,18,1780308532.3642595
2,8,RECOVERED,19,1780308545.5910282
2,8,SENT,19,1780308547.2642546
2,0,RECOVERED,20,1780308554.3836904
2,17,RECOVERED,21,1780308554.3846848
2,36,RECOVERED,22,1780308554.3854327
2,19,RECOVERED,23,1780308554.3872743
2,23,RECOVERED,24,1780308554.3898096
2,21,RECOVERED,25,1780308554.3905516
2,3,RECOVERED,26,1780308554.3913002
2,11,RECOVERED,27,1780308554.3920507
2,25,RECOVERED,28,1780308554.3930626
2,34,RECOVERED,29,1780308554.3937976
2,32,RECOVERED,30,1780308554.3944945
2,37,RECOVERED,31,1780308554.395422
2,16,RECOVERED,32,1780308554.3962216
2,0,SENT,32,1780308556.0562577
2,17,SENT,32,1780308557.7762494
2,36,SENT,32,1780308559.2202473
2,19,SENT,32,1780308561.0602653
2,23,SENT,32,1780308562.4922473
2,21,SENT,32,1780308564.0682542
2,3,SENT,32,1780308565.9922569
2,11,SENT,32,1780308567.8162572
2,25,SENT,32,1780308569.368261
2,34,SENT,32,1780308571.0442536
2,32,SENT,32,1780308572.7122552
2,37,SENT,32,1780308574.4122567
2,16,SENT,32,1780308576.1042545
2,20,RECOVERED,33,1780308591.4365444
2,1,RECOVERED,34,1780308591.43741
2,29,RECOVERED,35,1780308591.4382176
2,20,SENT,35,1780308593.216261
2,1,SENT,35,1780308594.7122614
2,29,SENT,35,1780308596.1282637
2,2,RECOVERED,36,1780308605.4712687
2,12,RECOVERED,37,1780308605.4763386
2,2,SENT,37,1780308606.852237
2,12,SENT,37,1780308608.2642765
2,14,RECOVERED,38,1780308653.509435
2,-1,COMPLETE_232.58,38,1780308653.5096488
2,14,SENT,38,1780308655.1242573
