packet_id,degree,selected_chunks,window,timestamp
0,2,"[19, 26]",SOURCE_WINDOW,1780131536.2482846
1,3,"[7, 16, 30]",SOURCE_WINDOW,1780131537.2602496
2,1,[4],SOURCE_WINDOW,1780131538.264239
3,3,"[11, 6, 37]",SOURCE_WINDOW,1780131539.2762334
4,2,"[31, 17]",SOURCE_WINDOW,1780131540.2882328
5,3,"[28, 37, 9]",SOURCE_WINDOW,1780131541.3002326
6,6,"[3, 37, 11, 20, 18, 27]",SOURCE_WINDOW,1780131548.3242195
7,4,"[34, 28, 0, 31]",SOURCE_WINDOW,1780131549.336221
8,4,"[29, 31, 10, 26]",SOURCE_WINDOW,1780131550.348222
9,3,"[1, 25, 6]",SOURCE_WINDOW,1780131551.3602202
10,1,[9],SOURCE_WINDOW,1780131552.364221
11,8,"[2, 9, 4, 0, 3, 18, 32, 6]",SOURCE_WINDOW,1780131553.39223
12,4,"[24, 27, 9, 2]",SOURCE_WINDOW,1780131560.3082209
13,5,"[23, 16, 32, 34, 15]",SOURCE_WINDOW,1780131561.3282208
14,4,"[4, 27, 28, 12]",SOURCE_WINDOW,1780131562.3402202
15,10,"[9, 26, 33, 12, 30, 28, 22, 29, 19, 37]",SOURCE_WINDOW,1780131563.3642185
16,2,"[8, 16]",SOURCE_WINDOW,1780131564.3762167
17,10,"[5, 3, 15, 32, 11, 1, 4, 37, 35, 9]",SOURCE_WINDOW,1780131565.4002252
18,2,"[16, 29]",SOURCE_WINDOW,1780131572.3162234
19,3,"[12, 4, 1]",SOURCE_WINDOW,1780131573.3282232
20,2,"[6, 13]",SOURCE_WINDOW,1780131574.3402252
21,2,"[17, 35]",SOURCE_WINDOW,1780131575.3522506
22,4,"[0, 29, 12, 21]",SOURCE_WINDOW,1780131576.3642411
23,1,[4],SOURCE_WINDOW,1780131577.3682253
24,5,"[33, 36, 31, 8, 0]",SOURCE_WINDOW,1780131584.2882607
25,1,[24],SOURCE_WINDOW,1780131585.2922685
26,3,"[3, 24, 27]",SOURCE_WINDOW,1780131586.3042228
27,1,[12],SOURCE_WINDOW,1780131587.3082674
28,3,"[25, 31, 28]",SOURCE_WINDOW,1780131588.3242333
29,2,"[36, 27]",SOURCE_WINDOW,1780131589.332225
30,10,"[23, 29, 2, 13, 16, 14, 35, 33, 0, 22]",SOURCE_WINDOW,1780131596.2762702
31,3,"[2, 25, 8]",SOURCE_WINDOW,1780131597.2922626
32,3,"[20, 21, 15]",SOURCE_WINDOW,1780131598.3042474
33,3,"[32, 33, 15]",SOURCE_WINDOW,1780131599.3162284
34,9,"[6, 17, 0, 37, 18, 36, 2, 9, 29]",SOURCE_WINDOW,1780131600.3402264
35,9,"[4, 20, 1, 19, 11, 17, 0, 28, 36]",SOURCE_WINDOW,1780131601.3682432
36,1,[3],SOURCE_WINDOW,1780131608.2843583
37,4,"[16, 1, 31, 21]",SOURCE_WINDOW,1780131609.300276
38,3,"[29, 21, 5]",SOURCE_WINDOW,1780131610.3123755
39,1,[21],SOURCE_WINDOW,1780131611.324218
40,3,"[5, 16, 29]",SOURCE_WINDOW,1780131612.3362732
41,3,"[22, 30, 37]",SOURCE_WINDOW,1780131613.3483632
42,3,"[11, 23, 7]",SOURCE_WINDOW,1780131620.2762263
43,3,"[20, 19, 28]",SOURCE_WINDOW,1780131621.2922614
44,3,"[9, 19, 28]",SOURCE_WINDOW,1780131622.3082235
45,9,"[1, 36, 8, 23, 14, 5, 3, 0, 20]",SOURCE_WINDOW,1780131623.3322437
46,3,"[28, 26, 14]",SOURCE_WINDOW,1780131624.3482325
47,2,"[29, 10]",SOURCE_WINDOW,1780131625.3602266
48,2,"[6, 35]",SOURCE_WINDOW,1780131632.2802246
49,3,"[25, 16, 18]",SOURCE_WINDOW,1780131633.2922335
50,6,"[14, 6, 20, 9, 31, 27]",SOURCE_WINDOW,1780131634.3082237
51,2,"[11, 12]",SOURCE_WINDOW,1780131635.3203402
52,1,[25],SOURCE_WINDOW,1780131636.3283517
53,2,"[6, 5]",SOURCE_WINDOW,1780131637.340238
54,4,"[9, 29, 3, 28]",SOURCE_WINDOW,1780131644.2642674
55,10,"[20, 16, 12, 14, 4, 21, 1, 19, 7, 27]",SOURCE_WINDOW,1780131645.2882197
56,8,"[27, 29, 34, 28, 37, 0, 33, 30]",SOURCE_WINDOW,1780131646.3083572
57,4,"[9, 4, 7, 13]",SOURCE_WINDOW,1780131647.3242254
58,1,[18],SOURCE_WINDOW,1780131648.328242
59,2,"[35, 26]",SOURCE_WINDOW,1780131649.3362446
0,3,"[1, 21, 3]",SOURCE_WINDOW,1780131970.6802483
1,2,"[1, 29]",SOURCE_WINDOW,1780131971.6922688
2,3,"[17, 4, 31]",SOURCE_WINDOW,1780131972.7042425
3,3,"[10, 12, 6]",SOURCE_WINDOW,1780131973.7162154
4,6,"[31, 35, 0, 3, 37, 15]",SOURCE_WINDOW,1780131974.7362137
5,3,"[13, 3, 22]",SOURCE_WINDOW,1780131975.7482119
6,1,[7],SOURCE_WINDOW,1780131982.6562276
7,1,[16],SOURCE_WINDOW,1780131983.6602302
8,2,"[29, 27]",SOURCE_WINDOW,1780131984.6722283
9,3,"[34, 31, 19]",SOURCE_WINDOW,1780131985.6842308
10,3,"[32, 23, 2]",SOURCE_WINDOW,1780131986.6962302
11,4,"[3, 11, 26, 10]",SOURCE_WINDOW,1780131987.7082365
12,2,"[13, 9]",SOURCE_WINDOW,1780131994.724233
13,5,"[4, 31, 8, 0, 32]",SOURCE_WINDOW,1780131995.7442057
14,4,"[34, 28, 19, 10]",SOURCE_WINDOW,1780131996.7562177
15,10,"[7, 17, 2, 15, 4, 13, 5, 23, 14, 35]",SOURCE_WINDOW,1780131997.7802067
16,2,"[29, 24]",SOURCE_WINDOW,1780131998.7922215
17,2,"[32, 31]",SOURCE_WINDOW,1780131999.8042135
18,2,"[17, 11]",SOURCE_WINDOW,1780132006.72022
19,4,"[33, 4, 9, 21]",SOURCE_WINDOW,1780132007.7322514
20,2,"[9, 29]",SOURCE_WINDOW,1780132008.7442589
21,4,"[24, 9, 18, 17]",SOURCE_WINDOW,1780132009.7562225
22,3,"[4, 10, 32]",SOURCE_WINDOW,1780132010.7682176
23,1,[23],SOURCE_WINDOW,1780132011.7722163
24,1,[37],SOURCE_WINDOW,1780132018.656239
25,9,"[35, 31, 11, 19, 27, 21, 17, 0, 10]",SOURCE_WINDOW,1780132019.680238
26,1,[19],SOURCE_WINDOW,1780132020.6842444
27,1,[7],SOURCE_WINDOW,1780132021.6882489
28,1,[9],SOURCE_WINDOW,1780132022.6922405
29,1,[10],SOURCE_WINDOW,1780132023.6962419
30,4,"[1, 32, 24, 15]",SOURCE_WINDOW,1780132030.7122283
31,2,"[20, 21]",SOURCE_WINDOW,1780132031.7242384
32,4,"[16, 2, 8, 3]",SOURCE_WINDOW,1780132032.7362354
33,9,"[17, 4, 33, 8, 5, 3, 15, 11, 18]",SOURCE_WINDOW,1780132033.7602255
34,5,"[35, 11, 34, 12, 18]",SOURCE_WINDOW,1780132034.7802036
35,1,[35],SOURCE_WINDOW,1780132035.7842052
36,3,"[34, 28, 33]",SOURCE_WINDOW,1780132042.7002497
37,4,"[36, 24, 27, 15]",SOURCE_WINDOW,1780132043.712246
38,1,[5],SOURCE_WINDOW,1780132044.716237
39,3,"[12, 30, 29]",SOURCE_WINDOW,1780132045.728224
40,9,"[25, 10, 9, 2, 18, 24, 17, 32, 1]",SOURCE_WINDOW,1780132046.7522228
41,2,"[11, 9]",SOURCE_WINDOW,1780132047.764221
42,7,"[4, 36, 20, 13, 18, 0, 28]",SOURCE_WINDOW,1780132054.6922445
43,9,"[27, 36, 13, 28, 12, 8, 9, 37, 4]",SOURCE_WINDOW,1780132055.7162476
44,3,"[10, 31, 29]",SOURCE_WINDOW,1780132056.7282465
45,3,"[2, 18, 34]",SOURCE_WINDOW,1780132057.7402248
46,1,[25],SOURCE_WINDOW,1780132058.7442248
47,1,[22],SOURCE_WINDOW,1780132059.748223
48,5,"[1, 20, 8, 17, 26]",SOURCE_WINDOW,1780132066.6722486
49,5,"[24, 17, 30, 13, 35]",SOURCE_WINDOW,1780132067.6922605
50,3,"[34, 24, 13]",SOURCE_WINDOW,1780132068.7042527
51,4,"[20, 30, 2, 29]",SOURCE_WINDOW,1780132069.716243
52,2,"[37, 11]",SOURCE_WINDOW,1780132070.6962388
53,4,"[16, 31, 8, 22]",SOURCE_WINDOW,1780132071.7082458
54,4,"[26, 3, 8, 7]",SOURCE_WINDOW,1780132078.7242517
55,2,"[2, 22]",SOURCE_WINDOW,1780132079.7323759
56,1,[36],SOURCE_WINDOW,1780132080.7362378
57,1,[2],SOURCE_WINDOW,1780132081.7402394
58,3,"[32, 11, 1]",SOURCE_WINDOW,1780132082.7522445
59,1,[16],SOURCE_WINDOW,1780132083.7562273
60,3,"[30, 31, 1]",SOURCE_WINDOW,1780132090.6722383
61,1,[5],SOURCE_WINDOW,1780132091.676249
0,2,"[18, 5]",SOURCE_WINDOW,1780136001.3234375
1,4,"[9, 19, 21, 12]",SOURCE_WINDOW,1780136002.33944
2,3,"[6, 0, 5]",SOURCE_WINDOW,1780136003.3553832
3,3,"[31, 33, 10]",SOURCE_WINDOW,1780136004.3673847
4,4,"[14, 35, 26, 6]",SOURCE_WINDOW,1780136005.3793678
5,2,"[32, 1]",SOURCE_WINDOW,1780136006.3913872
6,3,"[3, 23, 25]",SOURCE_WINDOW,1780136013.3113856
7,5,"[37, 36, 11, 9, 26]",SOURCE_WINDOW,1780136014.2993743
8,2,"[37, 18]",SOURCE_WINDOW,1780136015.2793756
9,1,[21],SOURCE_WINDOW,1780136016.2833674
10,1,[11],SOURCE_WINDOW,1780136017.2873633
11,4,"[1, 22, 4, 28]",SOURCE_WINDOW,1780136018.2993906
12,5,"[2, 0, 17, 6, 33]",SOURCE_WINDOW,1780136025.3194005
13,4,"[20, 32, 30, 21]",SOURCE_WINDOW,1780136026.3313718
14,10,"[32, 26, 37, 5, 28, 35, 31, 9, 18, 0]",SOURCE_WINDOW,1780136027.355365
15,1,[20],SOURCE_WINDOW,1780136028.3593605
16,2,"[33, 26]",SOURCE_WINDOW,1780136029.3713675
17,2,"[22, 34]",SOURCE_WINDOW,1780136030.3833745
18,3,"[22, 19, 36]",SOURCE_WINDOW,1780136037.3993995
19,4,"[12, 30, 4, 26]",SOURCE_WINDOW,1780136038.4113712
20,4,"[3, 1, 0, 19]",SOURCE_WINDOW,1780136039.423373
21,1,[6],SOURCE_WINDOW,1780136040.4273856
22,2,"[20, 18]",SOURCE_WINDOW,1780136041.439363
23,10,"[10, 34, 2, 37, 7, 8, 19, 20, 25, 6]",SOURCE_WINDOW,1780136042.463376
24,4,"[36, 11, 31, 3]",SOURCE_WINDOW,1780136049.3793936
25,10,"[5, 27, 13, 10, 36, 14, 1, 28, 0, 20]",SOURCE_WINDOW,1780136050.4033697
26,4,"[24, 29, 17, 11]",SOURCE_WINDOW,1780136051.4153612
27,2,"[17, 22]",SOURCE_WINDOW,1780136052.4273703
28,3,"[15, 34, 17]",SOURCE_WINDOW,1780136053.4393675
29,1,[16],SOURCE_WINDOW,1780136054.4433687
30,3,"[28, 37, 32]",SOURCE_WINDOW,1780136061.3594222
31,3,"[20, 36, 31]",SOURCE_WINDOW,1780136062.3714087
32,4,"[9, 30, 31, 14]",SOURCE_WINDOW,1780136063.383406
33,10,"[30, 23, 0, 21, 19, 5, 16, 36, 2, 15]",SOURCE_WINDOW,1780136064.4074035
34,9,"[10, 9, 25, 27, 4, 14, 34, 17, 22]",SOURCE_WINDOW,1780136065.431401
35,3,"[11, 6, 20]",SOURCE_WINDOW,1780136066.443403
36,3,"[9, 20, 8]",SOURCE_WINDOW,1780136073.3634095
37,10,"[19, 2, 35, 21, 6, 36, 4, 5, 30, 11]",SOURCE_WINDOW,1780136074.387407
38,5,"[32, 14, 37, 3, 24]",SOURCE_WINDOW,1780136075.4074173
39,2,"[20, 13]",SOURCE_WINDOW,1780136076.4194007
40,3,"[32, 6, 1]",SOURCE_WINDOW,1780136077.4313998
41,2,"[16, 37]",SOURCE_WINDOW,1780136078.4434128
42,4,"[17, 0, 23, 19]",SOURCE_WINDOW,1780136085.3634117
43,1,[30],SOURCE_WINDOW,1780136086.3674037
44,8,"[32, 11, 29, 23, 0, 2, 17, 31]",SOURCE_WINDOW,1780136087.3914034
45,1,[23],SOURCE_WINDOW,1780136088.3954017
46,2,"[4, 21]",SOURCE_WINDOW,1780136089.4073985
47,1,[31],SOURCE_WINDOW,1780136090.4114077
48,4,"[13, 8, 21, 6]",SOURCE_WINDOW,1780136097.3274097
49,4,"[30, 12, 10, 35]",SOURCE_WINDOW,1780136098.3394046
50,1,[21],SOURCE_WINDOW,1780136099.3434007
51,1,[19],SOURCE_WINDOW,1780136100.3474095
52,3,"[19, 8, 35]",SOURCE_WINDOW,1780136101.3594108
53,2,"[9, 29]",SOURCE_WINDOW,1780136102.371399
54,1,[6],SOURCE_WINDOW,1780136109.3834107
55,4,"[28, 0, 9, 7]",SOURCE_WINDOW,1780136110.395403
56,1,[21],SOURCE_WINDOW,1780136111.3994017
57,2,"[21, 22]",SOURCE_WINDOW,1780136112.4114008
58,2,"[28, 20]",SOURCE_WINDOW,1780136113.4234095
59,5,"[20, 28, 2, 3, 14]",SOURCE_WINDOW,1780136114.443407
60,1,[9],SOURCE_WINDOW,1780136122.35541
61,3,"[27, 5, 18]",SOURCE_WINDOW,1780136123.3674107
0,10,"[36, 14, 33, 12, 26, 21, 15, 11, 6, 19]",SOURCE_WINDOW,1780136390.9194243
1,1,[11],SOURCE_WINDOW,1780136391.923431
2,7,"[8, 24, 3, 30, 29, 26, 33]",SOURCE_WINDOW,1780136392.9435
3,3,"[3, 25, 10]",SOURCE_WINDOW,1780136393.9554346
4,1,[32],SOURCE_WINDOW,1780136394.9594154
5,4,"[12, 36, 9, 17]",SOURCE_WINDOW,1780136395.9714155
6,4,"[5, 16, 31, 6]",SOURCE_WINDOW,1780136402.8914394
7,5,"[28, 1, 14, 18, 3]",SOURCE_WINDOW,1780136403.9114268
8,4,"[33, 14, 10, 18]",SOURCE_WINDOW,1780136404.923419
9,1,[4],SOURCE_WINDOW,1780136405.9274101
10,4,"[28, 13, 35, 26]",SOURCE_WINDOW,1780136406.939419
11,2,"[36, 19]",SOURCE_WINDOW,1780136407.9514182
12,5,"[7, 11, 0, 3, 12]",SOURCE_WINDOW,1780136414.9754083
13,1,[10],SOURCE_WINDOW,1780136415.9794056
14,4,"[12, 37, 15, 0]",SOURCE_WINDOW,1780136416.9914067
15,2,"[2, 11]",SOURCE_WINDOW,1780136418.0034034
16,2,"[9, 4]",SOURCE_WINDOW,1780136419.0154026
17,9,"[4, 13, 10, 16, 23, 0, 30, 8, 18]",SOURCE_WINDOW,1780136420.0394146
18,2,"[32, 2]",SOURCE_WINDOW,1780136426.9594095
19,6,"[17, 20, 32, 21, 24, 34]",SOURCE_WINDOW,1780136427.9794135
20,9,"[22, 6, 8, 29, 15, 24, 32, 1, 0]",SOURCE_WINDOW,1780136429.0034475
21,2,"[13, 35]",SOURCE_WINDOW,1780136430.0153885
22,1,[16],SOURCE_WINDOW,1780136431.0193837
23,4,"[37, 23, 17, 4]",SOURCE_WINDOW,1780136432.0073888
24,9,"[10, 4, 6, 13, 22, 30, 8, 34, 20]",SOURCE_WINDOW,1780136438.939436
25,4,"[4, 16, 15, 20]",SOURCE_WINDOW,1780136439.9514146
26,4,"[8, 15, 12, 17]",SOURCE_WINDOW,1780136440.963405
27,5,"[25, 12, 33, 14, 35]",SOURCE_WINDOW,1780136441.9834182
28,3,"[20, 31, 34]",SOURCE_WINDOW,1780136442.995407
29,6,"[24, 23, 5, 33, 26, 20]",SOURCE_WINDOW,1780136444.0154078
30,5,"[37, 9, 10, 31, 26]",SOURCE_WINDOW,1780136450.9074304
31,3,"[33, 7, 23]",SOURCE_WINDOW,1780136451.9194386
32,3,"[9, 0, 7]",SOURCE_WINDOW,1780136452.9314299
33,4,"[28, 7, 22, 16]",SOURCE_WINDOW,1780136453.9434156
34,4,"[4, 7, 29, 33]",SOURCE_WINDOW,1780136454.9554076
35,3,"[7, 29, 32]",SOURCE_WINDOW,1780136455.9674306
36,1,[7],SOURCE_WINDOW,1780136462.8754334
37,4,"[21, 7, 19, 25]",SOURCE_WINDOW,1780136463.8874307
38,3,"[14, 12, 34]",SOURCE_WINDOW,1780136464.899435
39,4,"[19, 24, 5, 33]",SOURCE_WINDOW,1780136465.9114292
40,3,"[30, 12, 8]",SOURCE_WINDOW,1780136466.9234278
41,3,"[1, 0, 12]",SOURCE_WINDOW,1780136467.9354343
0,3,"[1, 11, 8]",SOURCE_WINDOW,1780138616.346339
1,4,"[14, 33, 21, 36]",SOURCE_WINDOW,1780138617.3623412
2,1,[10],SOURCE_WINDOW,1780138618.3663332
3,4,"[10, 17, 0, 5]",SOURCE_WINDOW,1780138619.3783207
4,1,[22],SOURCE_WINDOW,1780138620.3823206
5,2,"[22, 17]",SOURCE_WINDOW,1780138621.3943176
6,3,"[23, 29, 17]",SOURCE_WINDOW,1780138628.4103372
7,1,[4],SOURCE_WINDOW,1780138629.4143355
8,5,"[17, 34, 13, 35, 9]",SOURCE_WINDOW,1780138630.4343262
9,4,"[17, 28, 27, 3]",SOURCE_WINDOW,1780138631.4463124
10,1,[13],SOURCE_WINDOW,1780138632.4503114
11,3,"[4, 3, 34]",SOURCE_WINDOW,1780138633.4623156
12,3,"[14, 37, 31]",SOURCE_WINDOW,1780138640.3783357
13,4,"[2, 31, 13, 37]",SOURCE_WINDOW,1780138641.3903337
14,3,"[27, 25, 21]",SOURCE_WINDOW,1780138642.4023228
15,4,"[13, 8, 14, 27]",SOURCE_WINDOW,1780138643.4143186
16,2,"[23, 26]",SOURCE_WINDOW,1780138644.4263182
17,9,"[6, 10, 12, 32, 8, 14, 2, 33, 31]",SOURCE_WINDOW,1780138645.4503188
18,2,"[13, 35]",SOURCE_WINDOW,1780138652.3663406
19,3,"[30, 19, 17]",SOURCE_WINDOW,1780138653.3783314
20,4,"[10, 14, 17, 20]",SOURCE_WINDOW,1780138654.390317
21,2,"[20, 16]",SOURCE_WINDOW,1780138655.4023154
22,2,"[0, 13]",SOURCE_WINDOW,1780138656.4143147
23,1,[33],SOURCE_WINDOW,1780138657.4183164
24,4,"[30, 9, 19, 26]",SOURCE_WINDOW,1780138664.334338
25,4,"[32, 19, 23, 0]",SOURCE_WINDOW,1780138665.3463283
26,3,"[33, 18, 8]",SOURCE_WINDOW,1780138666.3583207
27,7,"[36, 25, 12, 4, 23, 30, 27]",SOURCE_WINDOW,1780138667.3783271
28,2,"[5, 28]",SOURCE_WINDOW,1780138668.3903205
29,1,[12],SOURCE_WINDOW,1780138669.3943172
30,2,"[9, 29]",SOURCE_WINDOW,1780138676.410337
31,4,"[3, 2, 16, 17]",SOURCE_WINDOW,1780138677.4223363
32,2,"[9, 2]",SOURCE_WINDOW,1780138678.4343288
33,5,"[35, 3, 15, 37, 7]",SOURCE_WINDOW,1780138679.4543254
34,3,"[34, 16, 17]",SOURCE_WINDOW,1780138680.466323
35,3,"[28, 25, 9]",SOURCE_WINDOW,1780138681.4783204
36,2,"[37, 18]",SOURCE_WINDOW,1780138688.3623323
37,9,"[8, 12, 16, 29, 7, 31, 22, 25, 6]",SOURCE_WINDOW,1780138689.3863368
38,4,"[35, 32, 2, 16]",SOURCE_WINDOW,1780138690.3983362
39,3,"[12, 27, 33]",SOURCE_WINDOW,1780138691.4103298
40,2,"[11, 33]",SOURCE_WINDOW,1780138692.4223258
41,4,"[15, 26, 12, 32]",SOURCE_WINDOW,1780138693.434324
42,3,"[33, 34, 17]",SOURCE_WINDOW,1780138700.3503363
43,4,"[3, 5, 25, 36]",SOURCE_WINDOW,1780138701.362337
44,1,[10],SOURCE_WINDOW,1780138702.3663294
45,3,"[21, 6, 1]",SOURCE_WINDOW,1780138703.3783216
46,6,"[19, 2, 5, 26, 35, 17]",SOURCE_WINDOW,1780138704.3983204
47,7,"[13, 8, 10, 23, 11, 37, 24]",SOURCE_WINDOW,1780138705.418323
48,3,"[32, 16, 11]",SOURCE_WINDOW,1780138712.334332
49,2,"[27, 23]",SOURCE_WINDOW,1780138713.346328
50,5,"[23, 25, 28, 5, 15]",SOURCE_WINDOW,1780138714.3663235
51,7,"[36, 34, 32, 28, 9, 14, 18]",SOURCE_WINDOW,1780138715.3863208
52,5,"[4, 23, 7, 14, 37]",SOURCE_WINDOW,1780138716.406319
53,1,[3],SOURCE_WINDOW,1780138717.4103174
54,7,"[22, 11, 20, 14, 1, 32, 29]",SOURCE_WINDOW,1780138724.334346
55,2,"[37, 35]",SOURCE_WINDOW,1780138725.3143322
56,3,"[1, 14, 22]",SOURCE_WINDOW,1780138726.3263261
57,2,"[25, 1]",SOURCE_WINDOW,1780138727.3383226
58,2,"[28, 30]",SOURCE_WINDOW,1780138728.350322
59,5,"[13, 5, 36, 8, 27]",SOURCE_WINDOW,1780138729.3703182
60,1,[0],SOURCE_WINDOW,1780138737.3823369
61,2,"[27, 35]",SOURCE_WINDOW,1780138738.3943279
62,2,"[19, 16]",SOURCE_WINDOW,1780138739.4063227
63,4,"[25, 27, 9, 29]",SOURCE_WINDOW,1780138741.4223263
64,3,"[33, 17, 4]",SOURCE_WINDOW,1780138748.3383348
65,10,"[16, 18, 14, 7, 17, 30, 36, 0, 9, 26]",SOURCE_WINDOW,1780138749.3623347
66,4,"[30, 37, 20, 17]",SOURCE_WINDOW,1780138751.3783278
67,2,"[17, 1]",SOURCE_WINDOW,1780138752.390332
68,1,[33],SOURCE_WINDOW,1780138753.394324
0,8,"[11, 22, 29, 5, 35, 17, 4, 21]",SOURCE_WINDOW,1780138809.146364
1,2,"[2, 24]",SOURCE_WINDOW,1780138810.158342
2,2,"[7, 8]",SOURCE_WINDOW,1780138811.1703253
3,4,"[14, 28, 33, 18]",SOURCE_WINDOW,1780138812.1823206
4,4,"[23, 2, 32, 25]",SOURCE_WINDOW,1780138813.194318
5,2,"[23, 20]",SOURCE_WINDOW,1780138814.2063122
6,1,[26],SOURCE_WINDOW,1780138821.1143646
7,3,"[14, 36, 16]",SOURCE_WINDOW,1780138822.1263382
8,1,[32],SOURCE_WINDOW,1780138823.1303291
9,3,"[29, 9, 23]",SOURCE_WINDOW,1780138824.1423228
10,2,"[8, 4]",SOURCE_WINDOW,1780138825.1543198
11,1,[26],SOURCE_WINDOW,1780138826.158319
12,2,"[25, 3]",SOURCE_WINDOW,1780138833.1743498
13,3,"[0, 6, 30]",SOURCE_WINDOW,1780138834.1863322
14,10,"[30, 5, 32, 28, 0, 22, 4, 8, 19, 34]",SOURCE_WINDOW,1780138835.210326
15,1,[4],SOURCE_WINDOW,1780138836.21432
16,2,"[15, 27]",SOURCE_WINDOW,1780138837.2263212
17,2,"[33, 17]",SOURCE_WINDOW,1780138838.238316
18,2,"[26, 23]",SOURCE_WINDOW,1780138845.1543577
19,4,"[4, 28, 18, 17]",SOURCE_WINDOW,1780138846.1663418
20,3,"[10, 0, 35]",SOURCE_WINDOW,1780138847.1783285
21,3,"[2, 14, 11]",SOURCE_WINDOW,1780138848.1903267
22,1,[9],SOURCE_WINDOW,1780138849.1943204
23,4,"[37, 26, 24, 1]",SOURCE_WINDOW,1780138850.1823199
24,3,"[36, 35, 9]",SOURCE_WINDOW,1780138857.1983447
25,3,"[11, 22, 32]",SOURCE_WINDOW,1780138858.2103317
26,6,"[4, 17, 13, 19, 14, 27]",SOURCE_WINDOW,1780138859.2303262
27,1,[14],SOURCE_WINDOW,1780138860.2343225
28,1,[30],SOURCE_WINDOW,1780138861.2383327
29,3,"[30, 14, 11]",SOURCE_WINDOW,1780138862.2503192
30,2,"[10, 37]",SOURCE_WINDOW,1780138869.166352
31,4,"[7, 6, 4, 29]",SOURCE_WINDOW,1780138870.178333
32,4,"[10, 30, 12, 7]",SOURCE_WINDOW,1780138871.1903276
33,2,"[34, 19]",SOURCE_WINDOW,1780138872.2023244
34,4,"[30, 8, 3, 18]",SOURCE_WINDOW,1780138873.2143214
35,7,"[3, 29, 21, 22, 19, 31, 34]",SOURCE_WINDOW,1780138874.2343168
36,3,"[2, 30, 5]",SOURCE_WINDOW,1780138881.1503596
37,1,[24],SOURCE_WINDOW,1780138882.1543453
38,2,"[7, 5]",SOURCE_WINDOW,1780138883.1663337
39,2,"[14, 22]",SOURCE_WINDOW,1780138884.1783261
40,2,"[9, 22]",SOURCE_WINDOW,1780138885.1903217
41,7,"[34, 27, 26, 25, 15, 35, 11]",SOURCE_WINDOW,1780138886.2103236
42,1,[21],SOURCE_WINDOW,1780138893.1183496
43,2,"[11, 21]",SOURCE_WINDOW,1780138894.130337
44,9,"[19, 21, 25, 31, 12, 20, 7, 16, 33]",SOURCE_WINDOW,1780138895.154331
45,5,"[5, 9, 14, 37, 18]",SOURCE_WINDOW,1780138896.1743257
46,2,"[8, 20]",SOURCE_WINDOW,1780138897.1863203
47,6,"[27, 20, 2, 12, 18, 0]",SOURCE_WINDOW,1780138898.2063174
48,2,"[12, 16]",SOURCE_WINDOW,1780138905.1223571
49,5,"[21, 36, 7, 25, 26]",SOURCE_WINDOW,1780138906.1423404
50,4,"[5, 13, 33, 0]",SOURCE_WINDOW,1780138907.1543372
51,8,"[27, 16, 30, 2, 26, 36, 32, 19]",SOURCE_WINDOW,1780138908.1783211
52,6,"[14, 17, 3, 16, 22, 35]",SOURCE_WINDOW,1780138909.1982996
53,4,"[31, 26, 18, 2]",SOURCE_WINDOW,1780138910.2102938
54,3,"[0, 16, 35]",SOURCE_WINDOW,1780138917.1263418
55,4,"[16, 17, 18, 30]",SOURCE_WINDOW,1780138918.1423156
56,10,"[26, 18, 7, 36, 9, 25, 15, 23, 5, 37]",SOURCE_WINDOW,1780138919.1663036
57,10,"[10, 7, 25, 19, 33, 6, 2, 22, 26, 14]",SOURCE_WINDOW,1780138920.1903024
58,3,"[6, 0, 34]",SOURCE_WINDOW,1780138921.2022953
59,2,"[34, 6]",SOURCE_WINDOW,1780138922.214305
0,2,"[0, 26]",SOURCE_WINDOW,1780305224.2935221
1,3,"[14, 19, 0]",SOURCE_WINDOW,1780305225.309523
2,1,[18],SOURCE_WINDOW,1780305226.3134947
3,3,"[18, 30, 33]",SOURCE_WINDOW,1780305227.325504
4,10,"[2, 20, 32, 25, 12, 26, 3, 31, 28, 6]",SOURCE_WINDOW,1780305228.349498
5,1,[20],SOURCE_WINDOW,1780305229.3534951
6,2,"[23, 27]",SOURCE_WINDOW,1780305236.3695266
7,4,"[28, 37, 24, 21]",SOURCE_WINDOW,1780305237.3815236
8,7,"[18, 16, 26, 31, 3, 11, 4]",SOURCE_WINDOW,1780305238.4015079
9,1,[33],SOURCE_WINDOW,1780305239.4055026
10,2,"[0, 10]",SOURCE_WINDOW,1780305240.417499
11,5,"[18, 15, 26, 24, 37]",SOURCE_WINDOW,1780305241.4375048
12,2,"[13, 0]",SOURCE_WINDOW,1780305248.353521
13,4,"[2, 13, 15, 31]",SOURCE_WINDOW,1780305249.365523
14,2,"[29, 3]",SOURCE_WINDOW,1780305250.3775225
15,1,[37],SOURCE_WINDOW,1780305251.357502
16,10,"[16, 22, 9, 24, 33, 14, 31, 19, 8, 32]",SOURCE_WINDOW,1780305252.3815038
17,1,[24],SOURCE_WINDOW,1780305253.3854997
18,3,"[11, 4, 25]",SOURCE_WINDOW,1780305260.3015184
19,3,"[16, 29, 14]",SOURCE_WINDOW,1780305261.3135033
20,4,"[21, 34, 37, 14]",SOURCE_WINDOW,1780305262.3255033
21,2,"[1, 14]",SOURCE_WINDOW,1780305263.3375037
22,2,"[18, 11]",SOURCE_WINDOW,1780305264.349497
23,3,"[2, 12, 5]",SOURCE_WINDOW,1780305265.3614972
24,2,"[25, 33]",SOURCE_WINDOW,1780305272.2775154
25,4,"[18, 15, 30, 34]",SOURCE_WINDOW,1780305273.2895012
26,6,"[27, 9, 10, 28, 13, 15]",SOURCE_WINDOW,1780305274.3094926
27,2,"[14, 25]",SOURCE_WINDOW,1780305275.3214996
28,1,[20],SOURCE_WINDOW,1780305276.325501
29,10,"[32, 11, 28, 15, 36, 20, 29, 13, 33, 9]",SOURCE_WINDOW,1780305277.3494976
30,8,"[10, 22, 18, 11, 1, 13, 5, 34]",SOURCE_WINDOW,1780305284.37353
31,2,"[2, 21]",SOURCE_WINDOW,1780305285.3855104
32,1,[13],SOURCE_WINDOW,1780305286.3895001
33,4,"[18, 24, 10, 29]",SOURCE_WINDOW,1780305287.4015005
34,1,[25],SOURCE_WINDOW,1780305288.4055352
35,1,[30],SOURCE_WINDOW,1780305289.40952
36,2,"[26, 27]",SOURCE_WINDOW,1780305296.3255255
37,1,[6],SOURCE_WINDOW,1780305297.3295097
38,2,"[31, 18]",SOURCE_WINDOW,1780305298.341504
39,3,"[0, 6, 30]",SOURCE_WINDOW,1780305299.3534963
40,2,"[11, 25]",SOURCE_WINDOW,1780305300.3654985
41,1,[21],SOURCE_WINDOW,1780305301.3694994
42,3,"[25, 13, 23]",SOURCE_WINDOW,1780305308.2855067
43,3,"[3, 19, 2]",SOURCE_WINDOW,1780305309.2974992
44,1,[6],SOURCE_WINDOW,1780305310.3014867
45,4,"[23, 14, 20, 3]",SOURCE_WINDOW,1780305311.3134859
46,3,"[28, 0, 22]",SOURCE_WINDOW,1780305312.3255
47,2,"[7, 26]",SOURCE_WINDOW,1780305313.3374872
48,1,[34],SOURCE_WINDOW,1780305320.3455184
49,3,"[13, 22, 25]",SOURCE_WINDOW,1780305321.3575053
50,9,"[27, 0, 12, 32, 11, 25, 14, 29, 28]",SOURCE_WINDOW,1780305322.3815296
51,2,"[27, 17]",SOURCE_WINDOW,1780305323.393501
52,8,"[21, 11, 23, 22, 17, 31, 0, 34]",SOURCE_WINDOW,1780305324.4174898
53,3,"[18, 15, 31]",SOURCE_WINDOW,1780305325.429488
54,4,"[9, 21, 10, 15]",SOURCE_WINDOW,1780305332.345519
55,1,[26],SOURCE_WINDOW,1780305333.3495016
56,2,"[6, 4]",SOURCE_WINDOW,1780305334.361494
57,2,"[11, 35]",SOURCE_WINDOW,1780305335.3734887
58,1,[35],SOURCE_WINDOW,1780305336.3775158
59,2,"[35, 34]",SOURCE_WINDOW,1780305337.3895037
60,8,"[27, 9, 29, 18, 33, 14, 0, 26]",SOURCE_WINDOW,1780305345.3175373
61,4,"[1, 22, 37, 21]",SOURCE_WINDOW,1780305346.3295238
62,3,"[22, 4, 16]",SOURCE_WINDOW,1780305347.3415165
63,1,[20],SOURCE_WINDOW,1780305349.34952
64,8,"[36, 32, 13, 22, 9, 28, 20, 24]",SOURCE_WINDOW,1780305356.373536
65,5,"[16, 33, 8, 1, 14]",SOURCE_WINDOW,1780305357.3935351
66,3,"[19, 36, 23]",SOURCE_WINDOW,1780305359.4095235
67,1,[3],SOURCE_WINDOW,1780305360.4135182
68,4,"[22, 25, 6, 9]",SOURCE_WINDOW,1780305361.4255092
69,1,[16],SOURCE_WINDOW,1780305369.337536
70,4,"[21, 27, 17, 7]",SOURCE_WINDOW,1780305370.349517
71,1,[36],SOURCE_WINDOW,1780305371.353512
72,2,"[21, 31]",SOURCE_WINDOW,1780305373.3615162
73,2,"[26, 25]",SOURCE_WINDOW,1780305380.2775218
74,7,"[4, 5, 0, 31, 7, 2, 16]",SOURCE_WINDOW,1780305381.2975225
75,4,"[37, 19, 13, 12]",SOURCE_WINDOW,1780305383.2855153
76,3,"[14, 2, 3]",SOURCE_WINDOW,1780305384.2975068
77,3,"[19, 24, 16]",SOURCE_WINDOW,1780305385.309503
78,5,"[37, 25, 0, 10, 7]",SOURCE_WINDOW,1780305393.3015244
79,1,[8],SOURCE_WINDOW,1780305394.3055184
80,1,[9],SOURCE_WINDOW,1780305395.3095107
81,2,"[9, 16]",SOURCE_WINDOW,1780305397.317534
82,10,"[36, 21, 14, 33, 29, 12, 24, 10, 27, 25]",SOURCE_WINDOW,1780305404.345536
83,6,"[16, 4, 3, 21, 11, 15]",SOURCE_WINDOW,1780305405.3655202
84,3,"[28, 3, 4]",SOURCE_WINDOW,1780305407.3815198
85,9,"[31, 0, 1, 30, 26, 23, 16, 36, 10]",SOURCE_WINDOW,1780305408.405514
86,5,"[26, 24, 9, 7, 23]",SOURCE_WINDOW,1780305409.425518
87,3,"[0, 4, 6]",SOURCE_WINDOW,1780305417.3455362
88,3,"[26, 1, 10]",SOURCE_WINDOW,1780305418.3575132
89,2,"[3, 25]",SOURCE_WINDOW,1780305419.36951
90,4,"[27, 32, 3, 6]",SOURCE_WINDOW,1780305421.3855312
91,2,"[9, 28]",SOURCE_WINDOW,1780305428.3015249
92,3,"[31, 7, 2]",SOURCE_WINDOW,1780305429.3135285
93,2,"[13, 1]",SOURCE_WINDOW,1780305431.3215346
94,3,"[32, 33, 34]",SOURCE_WINDOW,1780305432.3335147
95,1,[13],SOURCE_WINDOW,1780305433.3375156
96,3,"[7, 28, 9]",SOURCE_WINDOW,1780305441.3575325
97,1,[23],SOURCE_WINDOW,1780305442.3615167
98,2,"[27, 12]",SOURCE_WINDOW,1780305443.3735096
99,3,"[13, 37, 9]",SOURCE_WINDOW,1780305445.3895185
100,9,"[5, 36, 1, 33, 22, 23, 29, 2, 12]",SOURCE_WINDOW,1780305452.321539
101,2,"[16, 24]",SOURCE_WINDOW,1780305453.3335345
102,2,"[37, 7]",SOURCE_WINDOW,1780305455.3135257
103,2,"[21, 7]",SOURCE_WINDOW,1780305456.3255289
104,3,"[7, 29, 34]",SOURCE_WINDOW,1780305457.337518
105,3,"[2, 26, 7]",SOURCE_WINDOW,1780305465.3575332
106,4,"[14, 37, 20, 2]",SOURCE_WINDOW,1780305466.3695145
107,2,"[11, 4]",SOURCE_WINDOW,1780305467.3815126
108,8,"[9, 12, 16, 29, 31, 24, 27, 20]",SOURCE_WINDOW,1780305469.4095168
109,3,"[24, 29, 11]",SOURCE_WINDOW,1780305476.3255348
110,2,"[22, 29]",SOURCE_WINDOW,1780305477.3375316
111,1,[16],SOURCE_WINDOW,1780305479.3455334
112,5,"[6, 27, 35, 21, 29]",SOURCE_WINDOW,1780305480.365516
113,1,[19],SOURCE_WINDOW,1780305481.3695257
114,4,"[36, 21, 7, 5]",SOURCE_WINDOW,1780305489.2895188
115,3,"[17, 34, 23]",SOURCE_WINDOW,1780305490.3015096
116,3,"[32, 13, 20]",SOURCE_WINDOW,1780305491.3135066
117,1,[30],SOURCE_WINDOW,1780305493.3215444
118,1,[3],SOURCE_WINDOW,1780305500.329537
119,6,"[2, 23, 14, 20, 19, 18]",SOURCE_WINDOW,1780305501.3495255
120,4,"[5, 8, 31, 6]",SOURCE_WINDOW,1780305503.3655198
121,10,"[31, 35, 25, 16, 14, 29, 22, 19, 6, 0]",SOURCE_WINDOW,1780305504.389516
122,4,"[21, 8, 30, 29]",SOURCE_WINDOW,1780305505.401511
123,1,[11],SOURCE_WINDOW,1780305513.3135216
124,3,"[3, 0, 17]",SOURCE_WINDOW,1780305514.325528
125,4,"[19, 25, 31, 6]",SOURCE_WINDOW,1780305515.3375208
126,4,"[27, 31, 23, 8]",SOURCE_WINDOW,1780305517.353527
127,4,"[3, 17, 16, 24]",SOURCE_WINDOW,1780305524.3695397
128,6,"[30, 4, 16, 37, 25, 10]",SOURCE_WINDOW,1780305525.3895192
129,3,"[34, 0, 21]",SOURCE_WINDOW,1780305527.4055355
130,1,[20],SOURCE_WINDOW,1780305528.4095192
131,3,"[24, 9, 1]",SOURCE_WINDOW,1780305529.4215145
132,2,"[33, 24]",SOURCE_WINDOW,1780305537.3335373
133,2,"[19, 11]",SOURCE_WINDOW,1780305538.3455205
134,10,"[30, 24, 13, 6, 33, 11, 27, 16, 5, 2]",SOURCE_WINDOW,1780305539.369517
135,2,"[3, 18]",SOURCE_WINDOW,1780305541.3775256
136,1,[32],SOURCE_WINDOW,1780305548.2855208
137,1,[34],SOURCE_WINDOW,1780305549.2895215
138,1,[5],SOURCE_WINDOW,1780305551.2975135
139,10,"[11, 16, 29, 19, 27, 4, 31, 13, 18, 15]",SOURCE_WINDOW,1780305552.3215299
140,3,"[33, 21, 27]",SOURCE_WINDOW,1780305553.333518
141,10,"[19, 32, 6, 23, 0, 8, 18, 31, 11, 34]",SOURCE_WINDOW,1780305561.3695385
142,1,[5],SOURCE_WINDOW,1780305562.3735168
143,8,"[3, 32, 13, 6, 30, 23, 14, 18]",SOURCE_WINDOW,1780305563.3975158
144,4,"[11, 30, 37, 17]",SOURCE_WINDOW,1780305565.4135203
145,4,"[33, 8, 22, 11]",SOURCE_WINDOW,1780305572.329537
146,2,"[14, 34]",SOURCE_WINDOW,1780305573.3415236
147,3,"[8, 31, 29]",SOURCE_WINDOW,1780305575.357516
148,1,[12],SOURCE_WINDOW,1780305576.3615158
149,1,[12],SOURCE_WINDOW,1780305577.365508
150,3,"[24, 33, 8]",SOURCE_WINDOW,1780305585.2855196
151,5,"[35, 28, 16, 14, 7]",SOURCE_WINDOW,1780305586.3055131
152,1,[18],SOURCE_WINDOW,1780305587.3095067
153,5,"[26, 2, 25, 16, 18]",SOURCE_WINDOW,1780305589.3255236
154,3,"[16, 29, 6]",SOURCE_WINDOW,1780305596.3415382
155,10,"[17, 31, 21, 0, 13, 15, 3, 9, 20, 5]",SOURCE_WINDOW,1780305597.3655274
156,4,"[2, 1, 11, 14]",SOURCE_WINDOW,1780305599.3815215
157,1,[22],SOURCE_WINDOW,1780305600.3855133
158,2,"[30, 0]",SOURCE_WINDOW,1780305601.3975112
159,4,"[25, 1, 10, 28]",SOURCE_WINDOW,1780305609.3175411
160,1,[37],SOURCE_WINDOW,1780305610.2974918
161,2,"[19, 33]",SOURCE_WINDOW,1780305611.3095
162,1,[24],SOURCE_WINDOW,1780305613.3175294
163,4,"[13, 16, 3, 1]",SOURCE_WINDOW,1780305620.333537
164,3,"[32, 11, 2]",SOURCE_WINDOW,1780305621.3455243
165,2,"[29, 2]",SOURCE_WINDOW,1780305623.3535242
166,3,"[35, 14, 23]",SOURCE_WINDOW,1780305624.365511
167,4,"[8, 14, 16, 22]",SOURCE_WINDOW,1780305625.377522
168,2,"[0, 33]",SOURCE_WINDOW,1780305633.2975204
169,4,"[4, 15, 20, 1]",SOURCE_WINDOW,1780305634.309511
170,3,"[14, 7, 19]",SOURCE_WINDOW,1780305635.3215308
171,2,"[26, 33]",SOURCE_WINDOW,1780305637.3295434
172,2,"[23, 15]",SOURCE_WINDOW,1780305644.345538
173,1,[33],SOURCE_WINDOW,1780305645.3495371
174,2,"[4, 31]",SOURCE_WINDOW,1780305647.3655264
175,4,"[28, 13, 14, 29]",SOURCE_WINDOW,1780305648.3775191
176,6,"[20, 6, 9, 3, 10, 8]",SOURCE_WINDOW,1780305649.3975167
177,3,"[7, 35, 19]",SOURCE_WINDOW,1780305657.3175418
178,3,"[31, 33, 35]",SOURCE_WINDOW,1780305658.3295226
179,1,[9],SOURCE_WINDOW,1780305659.3335261
180,4,"[0, 14, 25, 24]",SOURCE_WINDOW,1780305661.3495245
181,3,"[15, 36, 27]",SOURCE_WINDOW,1780305668.3695385
182,2,"[7, 20]",SOURCE_WINDOW,1780305669.3815298
183,4,"[31, 29, 25, 36]",SOURCE_WINDOW,1780305671.3975284
184,4,"[34, 26, 33, 31]",SOURCE_WINDOW,1780305672.4095163
185,2,"[23, 20]",SOURCE_WINDOW,1780305673.42151
186,2,"[5, 19]",SOURCE_WINDOW,1780305681.341537
187,2,"[15, 24]",SOURCE_WINDOW,1780305682.3535213
188,2,"[5, 31]",SOURCE_WINDOW,1780305683.3655183
189,1,[16],SOURCE_WINDOW,1780305685.373525
190,1,[12],SOURCE_WINDOW,1780305692.2855244
191,3,"[20, 31, 27]",SOURCE_WINDOW,1780305693.297527
192,4,"[16, 19, 34, 33]",SOURCE_WINDOW,1780305695.3135185
193,8,"[1, 33, 8, 31, 24, 13, 15, 6]",SOURCE_WINDOW,1780305696.3375297
194,2,"[24, 3]",SOURCE_WINDOW,1780305697.3495388
195,1,[24],SOURCE_WINDOW,1780305705.3615355
196,4,"[16, 7, 6, 37]",SOURCE_WINDOW,1780305706.3735502
197,3,"[5, 29, 27]",SOURCE_WINDOW,1780305707.3855114
198,2,"[6, 10]",SOURCE_WINDOW,1780305709.4015188
199,8,"[9, 37, 0, 21, 14, 4, 34, 25]",SOURCE_WINDOW,1780305716.3295367
200,2,"[24, 34]",SOURCE_WINDOW,1780305717.3415284
201,3,"[32, 2, 31]",SOURCE_WINDOW,1780305719.357525
202,2,"[9, 8]",SOURCE_WINDOW,1780305720.3695269
203,7,"[9, 0, 12, 15, 11, 10, 21]",SOURCE_WINDOW,1780305721.3895144
204,1,[35],SOURCE_WINDOW,1780305729.30152
205,4,"[36, 33, 23, 7]",SOURCE_WINDOW,1780305730.3135092
206,2,"[26, 7]",SOURCE_WINDOW,1780305731.3255496
207,9,"[13, 5, 20, 1, 28, 11, 37, 15, 19]",SOURCE_WINDOW,1780305733.3495293
208,2,"[37, 27]",SOURCE_WINDOW,1780305740.333538
209,4,"[22, 21, 15, 3]",SOURCE_WINDOW,1780305741.34553
210,1,[32],SOURCE_WINDOW,1780305743.353526
211,1,[19],SOURCE_WINDOW,1780305744.3575277
212,9,"[23, 31, 8, 32, 4, 19, 5, 12, 28]",SOURCE_WINDOW,1780305745.3815222
213,4,"[13, 32, 2, 0]",SOURCE_WINDOW,1780305753.3015177
214,1,[17],SOURCE_WINDOW,1780305754.3055062
215,1,[1],SOURCE_WINDOW,1780305755.3095112
216,4,"[10, 37, 5, 34]",SOURCE_WINDOW,1780305757.325527
217,4,"[9, 34, 6, 17]",SOURCE_WINDOW,1780305764.341525
218,2,"[36, 22]",SOURCE_WINDOW,1780305765.3535302
219,5,"[10, 12, 19, 24, 29]",SOURCE_WINDOW,1780305767.3695107
220,10,"[2, 3, 29, 6, 12, 7, 16, 20, 34, 1]",SOURCE_WINDOW,1780305768.3934963
221,4,"[28, 19, 6, 21]",SOURCE_WINDOW,1780305769.4055066
222,2,"[9, 30]",SOURCE_WINDOW,1780305777.3255243
223,1,[30],SOURCE_WINDOW,1780305778.3295112
224,1,[35],SOURCE_WINDOW,1780305779.3335054
225,1,[36],SOURCE_WINDOW,1780305781.3415093
226,4,"[7, 32, 15, 34]",SOURCE_WINDOW,1780305788.3575175
227,1,[3],SOURCE_WINDOW,1780305789.361525
228,10,"[6, 4, 2, 22, 14, 0, 27, 15, 36, 19]",SOURCE_WINDOW,1780305791.39351
229,4,"[33, 31, 21, 23]",SOURCE_WINDOW,1780305792.4054947
230,1,[9],SOURCE_WINDOW,1780305793.4094934
231,1,[15],SOURCE_WINDOW,1780305801.3215244
232,5,"[21, 17, 12, 15, 13]",SOURCE_WINDOW,1780305802.3415043
233,1,[8],SOURCE_WINDOW,1780305803.3454895
234,3,"[36, 9, 32]",SOURCE_WINDOW,1780305805.3614974
235,2,"[17, 32]",SOURCE_WINDOW,1780305812.2775166
236,2,"[20, 5]",SOURCE_WINDOW,1780305813.289513
237,1,[37],SOURCE_WINDOW,1780305815.269498
238,4,"[36, 15, 18, 7]",SOURCE_WINDOW,1780305816.2814817
239,3,"[9, 36, 1]",SOURCE_WINDOW,1780305817.2934747
240,5,"[3, 16, 11, 4, 7]",SOURCE_WINDOW,1780305825.3135164
241,3,"[13, 6, 26]",SOURCE_WINDOW,1780305826.32551
242,3,"[32, 3, 22]",SOURCE_WINDOW,1780305827.3374949
243,1,[26],SOURCE_WINDOW,1780305829.3455176
244,3,"[31, 12, 24]",SOURCE_WINDOW,1780305836.3615232
245,3,"[4, 26, 11]",SOURCE_WINDOW,1780305837.3734994
246,4,"[35, 20, 32, 31]",SOURCE_WINDOW,1780305839.3895144
247,2,"[18, 4]",SOURCE_WINDOW,1780305840.4014902
248,1,[26],SOURCE_WINDOW,1780305841.4055047
249,4,"[21, 17, 10, 36]",SOURCE_WINDOW,1780305849.3255203
250,1,[16],SOURCE_WINDOW,1780305850.3295047
251,1,[7],SOURCE_WINDOW,1780305851.3335001
252,2,"[12, 10]",SOURCE_WINDOW,1780305853.3415034
253,4,"[5, 29, 28, 8]",SOURCE_WINDOW,1780305860.3575206
254,4,"[19, 18, 32, 11]",SOURCE_WINDOW,1780305861.369498
255,2,"[25, 5]",SOURCE_WINDOW,1780305863.3775218
256,2,"[16, 37]",SOURCE_WINDOW,1780305864.389493
257,3,"[3, 12, 15]",SOURCE_WINDOW,1780305865.401502
258,2,"[19, 27]",SOURCE_WINDOW,1780305873.3215244
259,6,"[29, 33, 27, 37, 7, 31]",SOURCE_WINDOW,1780305874.341509
260,4,"[17, 14, 8, 9]",SOURCE_WINDOW,1780305875.3534956
261,3,"[2, 37, 32]",SOURCE_WINDOW,1780305877.3695068
262,9,"[4, 9, 31, 8, 25, 6, 27, 3, 36]",SOURCE_WINDOW,1780305884.2975206
263,2,"[30, 10]",SOURCE_WINDOW,1780305885.309491
264,2,"[24, 4]",SOURCE_WINDOW,1780305887.325502
265,3,"[32, 34, 33]",SOURCE_WINDOW,1780305888.3374903
266,1,[27],SOURCE_WINDOW,1780305889.3494947
267,3,"[22, 11, 26]",SOURCE_WINDOW,1780305897.3695247
268,3,"[8, 10, 33]",SOURCE_WINDOW,1780305898.3815072
269,1,[9],SOURCE_WINDOW,1780305899.3934991
270,4,"[6, 17, 30, 32]",SOURCE_WINDOW,1780305901.4095259
0,2,"[8, 14]",SOURCE_WINDOW,1780305962.4735305
1,2,"[14, 29]",SOURCE_WINDOW,1780305963.4855087
2,10,"[28, 24, 19, 3, 15, 27, 17, 32, 34, 31]",SOURCE_WINDOW,1780305964.5094943
3,3,"[27, 18, 20]",SOURCE_WINDOW,1780305965.521504
4,2,"[27, 5]",SOURCE_WINDOW,1780305966.5334826
5,3,"[0, 31, 12]",SOURCE_WINDOW,1780305967.545486
6,3,"[0, 27, 36]",SOURCE_WINDOW,1780305974.4615211
7,1,[13],SOURCE_WINDOW,1780305975.465499
8,3,"[11, 18, 37]",SOURCE_WINDOW,1780305976.47749
9,2,"[3, 27]",SOURCE_WINDOW,1780305977.4894862
10,3,"[5, 24, 30]",SOURCE_WINDOW,1780305978.5014899
11,7,"[36, 33, 34, 24, 29, 27, 22]",SOURCE_WINDOW,1780305979.5214887
12,4,"[15, 28, 2, 31]",SOURCE_WINDOW,1780305986.5375242
13,2,"[4, 6]",SOURCE_WINDOW,1780305987.5494907
14,4,"[24, 28, 34, 8]",SOURCE_WINDOW,1780305988.5614893
15,2,"[31, 32]",SOURCE_WINDOW,1780305989.5734818
16,1,[24],SOURCE_WINDOW,1780305990.57748
17,9,"[17, 0, 24, 28, 12, 33, 13, 9, 6]",SOURCE_WINDOW,1780305991.601485
18,6,"[33, 29, 13, 22, 37, 1]",SOURCE_WINDOW,1780305998.5255244
19,4,"[20, 15, 13, 37]",SOURCE_WINDOW,1780305999.5375028
20,9,"[12, 27, 34, 37, 31, 29, 15, 11, 4]",SOURCE_WINDOW,1780306000.5614855
21,2,"[0, 19]",SOURCE_WINDOW,1780306001.5734885
22,6,"[2, 14, 12, 27, 21, 3]",SOURCE_WINDOW,1780306002.5934935
23,1,[34],SOURCE_WINDOW,1780306003.5975087
24,4,"[35, 33, 30, 9]",SOURCE_WINDOW,1780306010.5135205
25,1,[11],SOURCE_WINDOW,1780306011.5174947
26,2,"[7, 26]",SOURCE_WINDOW,1780306012.5294929
27,3,"[33, 15, 5]",SOURCE_WINDOW,1780306013.5414853
28,1,[9],SOURCE_WINDOW,1780306014.5454884
29,3,"[17, 13, 16]",SOURCE_WINDOW,1780306015.5574794
30,1,[4],SOURCE_WINDOW,1780306022.4655225
31,8,"[14, 8, 32, 13, 1, 27, 37, 3]",SOURCE_WINDOW,1780306023.4895005
32,2,"[30, 27]",SOURCE_WINDOW,1780306024.501493
33,1,[29],SOURCE_WINDOW,1780306025.505488
34,1,[32],SOURCE_WINDOW,1780306026.5094867
35,10,"[9, 26, 11, 16, 24, 27, 0, 31, 25, 15]",SOURCE_WINDOW,1780306027.533486
36,4,"[29, 19, 15, 1]",SOURCE_WINDOW,1780306034.5495164
37,1,[29],SOURCE_WINDOW,1780306035.553492
38,3,"[24, 3, 19]",SOURCE_WINDOW,1780306036.565484
39,4,"[15, 28, 7, 32]",SOURCE_WINDOW,1780306037.5775058
40,1,[23],SOURCE_WINDOW,1780306038.5814946
41,4,"[1, 36, 24, 19]",SOURCE_WINDOW,1780306039.5934844
42,4,"[36, 21, 32, 30]",SOURCE_WINDOW,1780306046.5095224
43,4,"[33, 11, 17, 22]",SOURCE_WINDOW,1780306047.5214963
44,1,[36],SOURCE_WINDOW,1780306048.5254793
45,4,"[1, 34, 5, 4]",SOURCE_WINDOW,1780306049.5374806
46,3,"[1, 2, 13]",SOURCE_WINDOW,1780306050.5494852
47,2,"[10, 2]",SOURCE_WINDOW,1780306051.5614812
48,1,[14],SOURCE_WINDOW,1780306058.4695215
49,9,"[35, 19, 20, 2, 29, 10, 8, 3, 18]",SOURCE_WINDOW,1780306059.4934983
50,6,"[11, 16, 23, 30, 22, 27]",SOURCE_WINDOW,1780306060.5134938
51,2,"[27, 30]",SOURCE_WINDOW,1780306061.5255158
52,10,"[2, 21, 27, 10, 16, 14, 6, 5, 11, 26]",SOURCE_WINDOW,1780306062.549503
53,1,[12],SOURCE_WINDOW,1780306063.553496
54,1,[24],SOURCE_WINDOW,1780306070.461535
55,1,[8],SOURCE_WINDOW,1780306071.4655523
56,4,"[21, 12, 15, 32]",SOURCE_WINDOW,1780306072.477518
57,5,"[10, 16, 15, 13, 31]",SOURCE_WINDOW,1780306073.4974937
58,5,"[25, 12, 26, 20, 6]",SOURCE_WINDOW,1780306074.5174854
59,3,"[33, 15, 25]",SOURCE_WINDOW,1780306075.5294812
60,1,[21],SOURCE_WINDOW,1780306083.5415192
61,4,"[37, 33, 4, 24]",SOURCE_WINDOW,1780306084.5294929
62,9,"[16, 10, 31, 5, 2, 14, 1, 13, 0]",SOURCE_WINDOW,1780306085.5534887
63,3,"[9, 18, 27]",SOURCE_WINDOW,1780306087.5694911
64,10,"[24, 2, 29, 34, 25, 16, 28, 8, 30, 31]",SOURCE_WINDOW,1780306094.4975462
65,8,"[11, 28, 6, 35, 10, 5, 32, 24]",SOURCE_WINDOW,1780306095.5215023
66,6,"[20, 18, 16, 15, 28, 17]",SOURCE_WINDOW,1780306097.5454998
67,2,"[13, 0]",SOURCE_WINDOW,1780306098.557486
68,3,"[27, 37, 28]",SOURCE_WINDOW,1780306099.5694816
69,4,"[16, 5, 32, 8]",SOURCE_WINDOW,1780306107.4895244
70,2,"[37, 24]",SOURCE_WINDOW,1780306108.469495
71,2,"[26, 14]",SOURCE_WINDOW,1780306109.4814954
72,8,"[10, 0, 36, 31, 1, 37, 26, 35]",SOURCE_WINDOW,1780306111.5054967
73,6,"[36, 37, 15, 29, 2, 3]",SOURCE_WINDOW,1780306118.529548
74,4,"[34, 1, 13, 26]",SOURCE_WINDOW,1780306119.5415127
75,2,"[13, 1]",SOURCE_WINDOW,1780306121.5495148
76,5,"[24, 23, 9, 19, 35]",SOURCE_WINDOW,1780306122.5695043
77,4,"[12, 5, 37, 36]",SOURCE_WINDOW,1780306123.5814993
78,6,"[33, 3, 0, 35, 11, 29]",SOURCE_WINDOW,1780306131.5015337
79,7,"[5, 33, 27, 14, 13, 29, 25]",SOURCE_WINDOW,1780306132.5215182
80,10,"[6, 9, 30, 32, 22, 31, 12, 13, 5, 19]",SOURCE_WINDOW,1780306133.5455096
81,4,"[19, 7, 13, 30]",SOURCE_WINDOW,1780306135.56153
82,2,"[15, 2]",SOURCE_WINDOW,1780306142.4775472
83,1,[24],SOURCE_WINDOW,1780306143.4815242
84,5,"[36, 16, 15, 0, 17]",SOURCE_WINDOW,1780306145.4975193
85,8,"[19, 14, 12, 37, 16, 5, 31, 8]",SOURCE_WINDOW,1780306146.521512
86,4,"[1, 19, 11, 16]",SOURCE_WINDOW,1780306147.5335011
87,2,"[14, 35]",SOURCE_WINDOW,1780306155.545525
88,2,"[16, 21]",SOURCE_WINDOW,1780306156.5575063
89,5,"[14, 19, 26, 31, 37]",SOURCE_WINDOW,1780306157.5775049
90,9,"[17, 10, 9, 14, 25, 4, 15, 31, 34]",SOURCE_WINDOW,1780306159.601508
91,2,"[26, 13]",SOURCE_WINDOW,1780306166.5175478
92,2,"[28, 32]",SOURCE_WINDOW,1780306167.5295134
93,3,"[23, 27, 13]",SOURCE_WINDOW,1780306169.5455313
94,2,"[31, 19]",SOURCE_WINDOW,1780306170.557513
95,2,"[10, 36]",SOURCE_WINDOW,1780306171.5695047
96,8,"[3, 24, 34, 11, 22, 18, 12, 16]",SOURCE_WINDOW,1780306179.4975357
97,3,"[29, 34, 11]",SOURCE_WINDOW,1780306180.509514
98,1,[19],SOURCE_WINDOW,1780306181.5135107
99,2,"[37, 32]",SOURCE_WINDOW,1780306183.4935062
100,3,"[6, 35, 21]",SOURCE_WINDOW,1780306190.5095475
101,3,"[22, 23, 29]",SOURCE_WINDOW,1780306191.5215228
102,3,"[21, 30, 2]",SOURCE_WINDOW,1780306193.5375125
103,10,"[30, 25, 14, 28, 34, 16, 17, 35, 6, 32]",SOURCE_WINDOW,1780306194.5615094
104,2,"[21, 4]",SOURCE_WINDOW,1780306195.5735013
105,2,"[23, 15]",SOURCE_WINDOW,1780306203.4855459
106,1,[28],SOURCE_WINDOW,1780306204.48952
107,4,"[0, 25, 19, 28]",SOURCE_WINDOW,1780306205.501513
108,2,"[7, 31]",SOURCE_WINDOW,1780306207.5095503
109,4,"[29, 31, 17, 36]",SOURCE_WINDOW,1780306214.5255408
110,3,"[7, 28, 16]",SOURCE_WINDOW,1780306215.5375118
111,1,[26],SOURCE_WINDOW,1780306217.5455165
112,4,"[29, 10, 24, 34]",SOURCE_WINDOW,1780306218.557512
113,3,"[16, 18, 7]",SOURCE_WINDOW,1780306219.569507
114,10,"[15, 0, 21, 16, 7, 19, 10, 8, 20, 33]",SOURCE_WINDOW,1780306227.5055358
115,2,"[34, 2]",SOURCE_WINDOW,1780306228.5175176
116,3,"[26, 15, 11]",SOURCE_WINDOW,1780306229.5295084
117,1,[30],SOURCE_WINDOW,1780306231.5375118
118,5,"[19, 7, 27, 32, 17]",SOURCE_WINDOW,1780306238.4615378
119,3,"[35, 26, 1]",SOURCE_WINDOW,1780306239.4735231
120,1,[34],SOURCE_WINDOW,1780306241.481557
121,2,"[21, 8]",SOURCE_WINDOW,1780306242.4935293
122,3,"[32, 7, 16]",SOURCE_WINDOW,1780306243.5055072
123,2,"[10, 33]",SOURCE_WINDOW,1780306251.5175238
124,1,[28],SOURCE_WINDOW,1780306252.521492
125,10,"[9, 1, 29, 15, 5, 3, 0, 11, 17, 24]",SOURCE_WINDOW,1780306253.545486
126,2,"[20, 34]",SOURCE_WINDOW,1780306255.5534964
127,10,"[20, 27, 35, 15, 5, 31, 3, 2, 29, 33]",SOURCE_WINDOW,1780306262.4815485
128,8,"[26, 25, 11, 7, 29, 37, 13, 14]",SOURCE_WINDOW,1780306263.5055106
129,1,[3],SOURCE_WINDOW,1780306265.513502
130,1,[33],SOURCE_WINDOW,1780306266.5174956
131,1,[0],SOURCE_WINDOW,1780306267.5214887
132,3,"[25, 29, 22]",SOURCE_WINDOW,1780306275.541541
133,2,"[9, 32]",SOURCE_WINDOW,1780306276.5534964
134,1,[33],SOURCE_WINDOW,1780306277.5574849
135,3,"[23, 34, 30]",SOURCE_WINDOW,1780306279.5734975
136,2,"[12, 19]",SOURCE_WINDOW,1780306286.489529
137,2,"[5, 22]",SOURCE_WINDOW,1780306287.5015006
138,4,"[9, 30, 21, 14]",SOURCE_WINDOW,1780306289.5175111
139,1,[36],SOURCE_WINDOW,1780306290.5215049
140,1,[30],SOURCE_WINDOW,1780306291.5254898
141,2,"[32, 9]",SOURCE_WINDOW,1780306299.5375159
142,1,[22],SOURCE_WINDOW,1780306300.5414915
143,1,[20],SOURCE_WINDOW,1780306301.5454857
144,5,"[36, 27, 25, 7, 30]",SOURCE_WINDOW,1780306303.5614989
145,1,[13],SOURCE_WINDOW,1780306310.4695385
146,3,"[4, 8, 21]",SOURCE_WINDOW,1780306311.4815059
147,2,"[0, 17]",SOURCE_WINDOW,1780306313.4895024
148,1,[33],SOURCE_WINDOW,1780306314.4935014
149,2,"[0, 16]",SOURCE_WINDOW,1780306315.5054908
150,2,"[6, 25]",SOURCE_WINDOW,1780306323.5175223
151,2,"[35, 4]",SOURCE_WINDOW,1780306324.5295315
152,1,[22],SOURCE_WINDOW,1780306325.5335076
153,1,[8],SOURCE_WINDOW,1780306327.5415137
154,8,"[10, 3, 27, 16, 9, 2, 29, 24]",SOURCE_WINDOW,1780306334.4695487
155,4,"[13, 15, 14, 24]",SOURCE_WINDOW,1780306335.481517
156,4,"[36, 3, 19, 9]",SOURCE_WINDOW,1780306337.4975178
157,10,"[4, 36, 19, 14, 25, 17, 35, 33, 2, 30]",SOURCE_WINDOW,1780306338.5215173
158,3,"[33, 18, 35]",SOURCE_WINDOW,1780306339.5335257
159,1,[37],SOURCE_WINDOW,1780306347.5175216
160,1,[33],SOURCE_WINDOW,1780306348.5215168
161,10,"[25, 32, 24, 3, 1, 8, 28, 14, 31, 2]",SOURCE_WINDOW,1780306349.5455155
162,10,"[31, 35, 22, 15, 11, 29, 17, 33, 27, 28]",SOURCE_WINDOW,1780306351.5775146
163,1,[19],SOURCE_WINDOW,1780306358.4855442
164,3,"[34, 22, 36]",SOURCE_WINDOW,1780306359.4975169
165,8,"[5, 10, 37, 23, 21, 3, 6, 12]",SOURCE_WINDOW,1780306361.5215197
166,2,"[37, 4]",SOURCE_WINDOW,1780306362.5015059
167,4,"[21, 20, 9, 4]",SOURCE_WINDOW,1780306363.5135093
168,1,[4],SOURCE_WINDOW,1780306371.5255237
169,9,"[27, 21, 35, 20, 24, 31, 32, 16, 1]",SOURCE_WINDOW,1780306372.5495088
170,3,"[3, 18, 16]",SOURCE_WINDOW,1780306373.5615244
171,8,"[18, 31, 2, 15, 20, 22, 4, 9]",SOURCE_WINDOW,1780306375.585516
172,7,"[9, 24, 19, 34, 29, 36, 0]",SOURCE_WINDOW,1780306382.5095425
173,4,"[0, 28, 17, 8]",SOURCE_WINDOW,1780306383.5215049
174,1,[26],SOURCE_WINDOW,1780306385.5295026
175,2,"[35, 2]",SOURCE_WINDOW,1780306386.5414896
176,4,"[35, 5, 9, 11]",SOURCE_WINDOW,1780306387.5535028
177,7,"[16, 25, 22, 17, 1, 4, 0]",SOURCE_WINDOW,1780306395.481539
178,2,"[10, 9]",SOURCE_WINDOW,1780306396.4895093
179,6,"[19, 31, 37, 5, 24, 20]",SOURCE_WINDOW,1780306397.5095048
180,3,"[13, 0, 7]",SOURCE_WINDOW,1780306399.5255067
181,4,"[31, 18, 15, 6]",SOURCE_WINDOW,1780306406.541531
182,4,"[7, 13, 15, 6]",SOURCE_WINDOW,1780306407.55352
183,7,"[3, 30, 29, 8, 21, 18, 19]",SOURCE_WINDOW,1780306409.5775054
184,4,"[35, 9, 25, 22]",SOURCE_WINDOW,1780306410.589493
185,6,"[8, 34, 11, 20, 30, 3]",SOURCE_WINDOW,1780306411.6055286
186,2,"[9, 2]",SOURCE_WINDOW,1780306419.5175235
187,4,"[27, 25, 10, 8]",SOURCE_WINDOW,1780306420.5294986
188,3,"[16, 7, 0]",SOURCE_WINDOW,1780306421.5414963
189,3,"[13, 4, 34]",SOURCE_WINDOW,1780306423.557499
190,3,"[4, 13, 2]",SOURCE_WINDOW,1780306430.4735267
191,3,"[2, 7, 22]",SOURCE_WINDOW,1780306431.4855108
192,3,"[15, 26, 18]",SOURCE_WINDOW,1780306433.50151
193,9,"[1, 30, 13, 5, 27, 21, 15, 20, 11]",SOURCE_WINDOW,1780306434.5255024
194,4,"[0, 17, 5, 31]",SOURCE_WINDOW,1780306435.537501
195,2,"[34, 37]",SOURCE_WINDOW,1780306443.4495187
196,10,"[11, 10, 31, 27, 5, 18, 24, 9, 34, 7]",SOURCE_WINDOW,1780306444.4735053
197,4,"[28, 7, 14, 3]",SOURCE_WINDOW,1780306445.4855027
198,1,[9],SOURCE_WINDOW,1780306447.4935117
199,1,[7],SOURCE_WINDOW,1780306454.5015326
200,3,"[9, 8, 14]",SOURCE_WINDOW,1780306455.5135071
201,4,"[28, 6, 2, 22]",SOURCE_WINDOW,1780306457.5295057
202,8,"[18, 0, 29, 6, 27, 31, 16, 34]",SOURCE_WINDOW,1780306458.5534968
203,4,"[28, 35, 21, 8]",SOURCE_WINDOW,1780306459.5654883
204,7,"[20, 29, 12, 11, 26, 34, 0]",SOURCE_WINDOW,1780306467.4935262
205,4,"[13, 18, 36, 24]",SOURCE_WINDOW,1780306468.5055099
206,3,"[17, 33, 29]",SOURCE_WINDOW,1780306469.5175009
207,1,[13],SOURCE_WINDOW,1780306471.5254977
208,3,"[15, 22, 4]",SOURCE_WINDOW,1780306478.5455303
209,3,"[34, 27, 3]",SOURCE_WINDOW,1780306479.5574958
210,6,"[26, 9, 14, 33, 29, 20]",SOURCE_WINDOW,1780306481.5815055
211,5,"[5, 26, 32, 17, 31]",SOURCE_WINDOW,1780306482.601503
212,2,"[24, 35]",SOURCE_WINDOW,1780306483.6134949
213,1,[10],SOURCE_WINDOW,1780306491.5255182
214,2,"[37, 17]",SOURCE_WINDOW,1780306492.5054893
215,2,"[25, 20]",SOURCE_WINDOW,1780306493.5175023
216,2,"[26, 2]",SOURCE_WINDOW,1780306495.5334985
217,2,"[20, 34]",SOURCE_WINDOW,1780306502.549523
218,1,[23],SOURCE_WINDOW,1780306503.5534935
219,3,"[37, 30, 21]",SOURCE_WINDOW,1780306505.5414944
220,4,"[16, 8, 24, 1]",SOURCE_WINDOW,1780306506.553491
221,1,[24],SOURCE_WINDOW,1780306507.5574937
222,9,"[15, 28, 26, 2, 36, 1, 27, 5, 14]",SOURCE_WINDOW,1780306515.485523
223,2,"[23, 2]",SOURCE_WINDOW,1780306516.4975011
224,9,"[4, 31, 1, 12, 37, 29, 11, 7, 22]",SOURCE_WINDOW,1780306517.521499
225,4,"[9, 35, 23, 13]",SOURCE_WINDOW,1780306519.5375102
226,3,"[25, 24, 29]",SOURCE_WINDOW,1780306526.4535232
227,3,"[5, 28, 27]",SOURCE_WINDOW,1780306527.4655018
228,1,[2],SOURCE_WINDOW,1780306529.473503
229,4,"[24, 3, 11, 4]",SOURCE_WINDOW,1780306530.4854984
230,1,[8],SOURCE_WINDOW,1780306531.4894962
231,1,[19],SOURCE_WINDOW,1780306539.501519
232,8,"[5, 7, 14, 4, 20, 0, 33, 13]",SOURCE_WINDOW,1780306540.5255044
233,9,"[36, 8, 1, 11, 20, 21, 23, 35, 25]",SOURCE_WINDOW,1780306541.5494928
234,9,"[25, 21, 35, 30, 5, 24, 12, 22, 18]",SOURCE_WINDOW,1780306543.5734987
235,3,"[12, 16, 7]",SOURCE_WINDOW,1780306550.4895296
236,10,"[22, 34, 3, 29, 25, 20, 2, 5, 7, 9]",SOURCE_WINDOW,1780306551.513507
237,1,[9],SOURCE_WINDOW,1780306553.5215044
238,10,"[27, 2, 13, 32, 8, 28, 17, 30, 0, 29]",SOURCE_WINDOW,1780306554.5454972
239,1,[25],SOURCE_WINDOW,1780306555.5494883
240,4,"[21, 12, 4, 0]",SOURCE_WINDOW,1780306563.4695187
241,6,"[21, 33, 9, 36, 10, 8]",SOURCE_WINDOW,1780306564.4895074
242,9,"[28, 17, 5, 25, 33, 36, 14, 18, 12]",SOURCE_WINDOW,1780306565.5134978
243,3,"[18, 30, 36]",SOURCE_WINDOW,1780306567.5294971
244,4,"[21, 0, 30, 15]",SOURCE_WINDOW,1780306574.5455275
245,1,[34],SOURCE_WINDOW,1780306575.5494914
246,5,"[25, 18, 22, 4, 26]",SOURCE_WINDOW,1780306577.565495
247,3,"[30, 11, 28]",SOURCE_WINDOW,1780306578.5775
248,4,"[7, 24, 1, 25]",SOURCE_WINDOW,1780306579.5894897
249,4,"[20, 25, 15, 19]",SOURCE_WINDOW,1780306587.5095203
250,3,"[36, 33, 34]",SOURCE_WINDOW,1780306588.5214992
251,2,"[31, 12]",SOURCE_WINDOW,1780306589.5334995
252,2,"[0, 35]",SOURCE_WINDOW,1780306591.541499
253,4,"[5, 2, 8, 31]",SOURCE_WINDOW,1780306598.457531
254,1,[33],SOURCE_WINDOW,1780306599.461508
255,10,"[32, 6, 4, 28, 8, 18, 22, 34, 35, 26]",SOURCE_WINDOW,1780306601.493502
256,9,"[27, 2, 20, 0, 7, 11, 6, 26, 37]",SOURCE_WINDOW,1780306602.5175
257,3,"[22, 36, 4]",SOURCE_WINDOW,1780306603.5294907
258,1,[19],SOURCE_WINDOW,1780306611.5415127
259,3,"[26, 21, 7]",SOURCE_WINDOW,1780306612.5534968
260,2,"[6, 24]",SOURCE_WINDOW,1780306613.5654902
261,1,[29],SOURCE_WINDOW,1780306615.5734992
262,3,"[18, 25, 14]",SOURCE_WINDOW,1780306622.4895248
263,4,"[16, 18, 5, 35]",SOURCE_WINDOW,1780306623.5015025
264,4,"[16, 8, 22, 23]",SOURCE_WINDOW,1780306625.5175016
265,3,"[13, 34, 31]",SOURCE_WINDOW,1780306626.5294979
266,7,"[16, 18, 13, 0, 6, 8, 11]",SOURCE_WINDOW,1780306627.5494912
267,8,"[34, 25, 3, 0, 13, 17, 30, 36]",SOURCE_WINDOW,1780306635.4775195
268,3,"[6, 22, 33]",SOURCE_WINDOW,1780306636.4895043
269,1,[27],SOURCE_WINDOW,1780306637.5015
270,2,"[24, 17]",SOURCE_WINDOW,1780306639.5175083
271,3,"[36, 15, 37]",SOURCE_WINDOW,1780306646.5335245
272,1,[31],SOURCE_WINDOW,1780306647.545493
273,1,[6],SOURCE_WINDOW,1780306649.5535088
274,2,"[34, 28]",SOURCE_WINDOW,1780306650.5655077
275,2,"[1, 17]",SOURCE_WINDOW,1780306651.5774841
276,4,"[5, 28, 3, 17]",SOURCE_WINDOW,1780306659.497517
277,3,"[21, 5, 18]",SOURCE_WINDOW,1780306660.5095017
278,4,"[32, 4, 29, 33]",SOURCE_WINDOW,1780306661.5214937
279,8,"[17, 0, 14, 9, 36, 10, 33, 16]",SOURCE_WINDOW,1780306663.545499
280,4,"[24, 20, 33, 0]",SOURCE_WINDOW,1780306670.4615314
281,3,"[3, 14, 37]",SOURCE_WINDOW,1780306671.4735096
282,3,"[6, 1, 13]",SOURCE_WINDOW,1780306673.4895027
283,1,[4],SOURCE_WINDOW,1780306674.5015047
284,2,"[13, 1]",SOURCE_WINDOW,1780306675.513489
285,1,[25],SOURCE_WINDOW,1780306683.5255158
286,2,"[23, 16]",SOURCE_WINDOW,1780306684.5375025
287,4,"[6, 5, 9, 20]",SOURCE_WINDOW,1780306685.549485
288,2,"[3, 1]",SOURCE_WINDOW,1780306687.5654974
289,3,"[25, 26, 5]",SOURCE_WINDOW,1780306694.4815392
290,6,"[27, 18, 5, 26, 0, 15]",SOURCE_WINDOW,1780306695.5015001
291,1,[31],SOURCE_WINDOW,1780306697.5095077
292,5,"[2, 16, 31, 32, 37]",SOURCE_WINDOW,1780306698.5295055
293,4,"[28, 37, 16, 24]",SOURCE_WINDOW,1780306699.541486
294,3,"[26, 23, 31]",SOURCE_WINDOW,1780306707.461519
295,1,[13],SOURCE_WINDOW,1780306708.473498
296,2,"[5, 28]",SOURCE_WINDOW,1780306709.4855006
297,2,"[4, 14]",SOURCE_WINDOW,1780306711.5014975
298,4,"[4, 37, 34, 21]",SOURCE_WINDOW,1780306718.5175257
299,3,"[6, 30, 13]",SOURCE_WINDOW,1780306719.5294943
300,1,[26],SOURCE_WINDOW,1780306721.537495
301,1,[1],SOURCE_WINDOW,1780306722.5494993
302,3,"[37, 13, 7]",SOURCE_WINDOW,1780306723.5374835
303,4,"[6, 24, 11, 35]",SOURCE_WINDOW,1780306731.457517
304,3,"[21, 17, 24]",SOURCE_WINDOW,1780306732.469491
305,4,"[17, 12, 16, 37]",SOURCE_WINDOW,1780306733.481492
306,1,[32],SOURCE_WINDOW,1780306735.4894986
307,1,[30],SOURCE_WINDOW,1780306742.5055306
308,6,"[25, 9, 34, 20, 31, 30]",SOURCE_WINDOW,1780306743.5254998
309,1,[24],SOURCE_WINDOW,1780306745.5334952
310,3,"[14, 26, 24]",SOURCE_WINDOW,1780306746.5454917
311,4,"[9, 11, 21, 10]",SOURCE_WINDOW,1780306747.5574965
312,10,"[2, 10, 27, 14, 0, 18, 1, 19, 3, 8]",SOURCE_WINDOW,1780306755.4935226
313,2,"[24, 5]",SOURCE_WINDOW,1780306756.505502
314,10,"[11, 7, 9, 15, 16, 35, 19, 20, 2, 6]",SOURCE_WINDOW,1780306757.5374942
315,1,[23],SOURCE_WINDOW,1780306759.5454993
316,4,"[26, 1, 0, 16]",SOURCE_WINDOW,1780306766.461541
317,4,"[3, 7, 11, 26]",SOURCE_WINDOW,1780306767.473502
318,2,"[0, 27]",SOURCE_WINDOW,1780306769.4894981
319,1,[21],SOURCE_WINDOW,1780306770.5014975
320,2,"[16, 22]",SOURCE_WINDOW,1780306771.5134919
321,4,"[16, 36, 19, 3]",SOURCE_WINDOW,1780306779.5335147
322,4,"[19, 1, 21, 28]",SOURCE_WINDOW,1780306780.5454948
323,3,"[22, 8, 35]",SOURCE_WINDOW,1780306781.5574858
324,3,"[15, 2, 13]",SOURCE_WINDOW,1780306783.5734954
325,1,[14],SOURCE_WINDOW,1780306790.4895346
326,4,"[37, 22, 28, 8]",SOURCE_WINDOW,1780306791.4775035
327,8,"[23, 29, 12, 3, 37, 4, 6, 17]",SOURCE_WINDOW,1780306793.5014985
328,1,[32],SOURCE_WINDOW,1780306794.5134964
329,7,"[30, 3, 36, 6, 14, 22, 37]",SOURCE_WINDOW,1780306795.533488
330,3,"[7, 12, 31]",SOURCE_WINDOW,1780306803.5535114
331,1,[6],SOURCE_WINDOW,1780306804.5655
332,3,"[29, 19, 16]",SOURCE_WINDOW,1780306805.577483
333,3,"[15, 32, 9]",SOURCE_WINDOW,1780306807.5934951
334,3,"[18, 2, 1]",SOURCE_WINDOW,1780306814.5095258
335,10,"[2, 30, 15, 25, 37, 17, 20, 6, 16, 27]",SOURCE_WINDOW,1780306815.5415022
336,1,[31],SOURCE_WINDOW,1780306817.5494998
337,3,"[29, 7, 3]",SOURCE_WINDOW,1780306818.5614958
338,9,"[22, 5, 13, 32, 37, 33, 15, 21, 11]",SOURCE_WINDOW,1780306819.5854855
339,3,"[37, 4, 2]",SOURCE_WINDOW,1780306827.477516
340,1,[25],SOURCE_WINDOW,1780306828.4894946
341,2,"[36, 2]",SOURCE_WINDOW,1780306829.501501
342,10,"[32, 18, 7, 13, 15, 34, 33, 30, 3, 31]",SOURCE_WINDOW,1780306831.5335014
343,2,"[10, 17]",SOURCE_WINDOW,1780306838.5495195
344,4,"[15, 6, 9, 12]",SOURCE_WINDOW,1780306839.5614898
345,2,"[17, 26]",SOURCE_WINDOW,1780306841.5774934
346,3,"[2, 35, 7]",SOURCE_WINDOW,1780306842.5894904
347,3,"[18, 25, 17]",SOURCE_WINDOW,1780306843.6014934
348,1,[32],SOURCE_WINDOW,1780306851.5135207
349,4,"[19, 12, 8, 22]",SOURCE_WINDOW,1780306852.5254955
350,2,"[8, 12]",SOURCE_WINDOW,1780306853.5374823
351,3,"[7, 36, 12]",SOURCE_WINDOW,1780306855.5535133
352,4,"[26, 6, 9, 22]",SOURCE_WINDOW,1780306862.469531
353,3,"[20, 7, 5]",SOURCE_WINDOW,1780306863.4815016
354,1,[9],SOURCE_WINDOW,1780306865.4895258
355,2,"[26, 16]",SOURCE_WINDOW,1780306866.5014925
356,1,[27],SOURCE_WINDOW,1780306867.513494
357,2,"[9, 7]",SOURCE_WINDOW,1780306875.5335186
358,3,"[4, 14, 3]",SOURCE_WINDOW,1780306876.545509
359,4,"[31, 37, 13, 1]",SOURCE_WINDOW,1780306877.557492
360,10,"[21, 5, 7, 9, 29, 27, 8, 35, 34, 6]",SOURCE_WINDOW,1780306879.589497
361,1,[13],SOURCE_WINDOW,1780306886.5055263
362,3,"[12, 15, 8]",SOURCE_WINDOW,1780306887.5175042
363,4,"[34, 3, 10, 17]",SOURCE_WINDOW,1780306889.5335107
364,9,"[33, 20, 28, 8, 27, 34, 6, 29, 26]",SOURCE_WINDOW,1780306890.5574982
365,2,"[19, 7]",SOURCE_WINDOW,1780306891.5694876
366,9,"[8, 23, 30, 18, 20, 27, 36, 32, 3]",SOURCE_WINDOW,1780306899.4975214
367,6,"[12, 3, 20, 9, 5, 18]",SOURCE_WINDOW,1780306900.5174987
368,4,"[5, 31, 24, 29]",SOURCE_WINDOW,1780306901.529494
369,4,"[8, 32, 10, 33]",SOURCE_WINDOW,1780306903.545498
370,1,[8],SOURCE_WINDOW,1780306910.4615357
371,3,"[5, 33, 18]",SOURCE_WINDOW,1780306911.4735115
372,3,"[33, 8, 36]",SOURCE_WINDOW,1780306913.489506
373,3,"[29, 21, 17]",SOURCE_WINDOW,1780306914.5015008
374,4,"[24, 11, 26, 25]",SOURCE_WINDOW,1780306915.5135014
375,2,"[29, 1]",SOURCE_WINDOW,1780306923.5335155
376,3,"[7, 9, 31]",SOURCE_WINDOW,1780306924.5454955
377,1,[6],SOURCE_WINDOW,1780306925.5574868
378,6,"[25, 8, 10, 16, 35, 34]",SOURCE_WINDOW,1780306927.581498
379,3,"[26, 27, 20]",SOURCE_WINDOW,1780306934.4975343
0,2,"[28, 19]",SOURCE_WINDOW,1780307876.593521
1,6,"[19, 20, 3, 35, 6, 1]",SOURCE_WINDOW,1780307877.6135008
2,4,"[8, 21, 28, 19]",SOURCE_WINDOW,1780307878.6254895
3,1,[6],SOURCE_WINDOW,1780307879.6294827
4,4,"[37, 3, 28, 32]",SOURCE_WINDOW,1780307880.617494
5,3,"[24, 25, 18]",SOURCE_WINDOW,1780307881.6294882
6,4,"[23, 2, 12, 7]",SOURCE_WINDOW,1780307888.645516
7,2,"[31, 19]",SOURCE_WINDOW,1780307889.6574962
8,4,"[0, 4, 25, 15]",SOURCE_WINDOW,1780307890.6694903
9,4,"[18, 16, 32, 24]",SOURCE_WINDOW,1780307891.681485
10,1,[25],SOURCE_WINDOW,1780307892.6854846
11,4,"[19, 28, 20, 4]",SOURCE_WINDOW,1780307893.697488
12,3,"[13, 21, 28]",SOURCE_WINDOW,1780307900.613517
13,1,[8],SOURCE_WINDOW,1780307901.6174922
14,2,"[24, 13]",SOURCE_WINDOW,1780307902.629485
15,3,"[7, 14, 22]",SOURCE_WINDOW,1780307903.6414793
16,3,"[17, 29, 13]",SOURCE_WINDOW,1780307904.6534855
17,2,"[24, 22]",SOURCE_WINDOW,1780307905.665503
18,1,[27],SOURCE_WINDOW,1780307912.573539
19,3,"[0, 20, 23]",SOURCE_WINDOW,1780307913.5854952
20,3,"[8, 2, 31]",SOURCE_WINDOW,1780307914.5974884
21,2,"[34, 31]",SOURCE_WINDOW,1780307915.6094859
22,5,"[5, 30, 27, 35, 15]",SOURCE_WINDOW,1780307916.6294782
23,10,"[35, 2, 4, 25, 8, 11, 7, 16, 24, 0]",SOURCE_WINDOW,1780307917.6534846
24,3,"[14, 6, 23]",SOURCE_WINDOW,1780307924.6695144
25,3,"[16, 25, 31]",SOURCE_WINDOW,1780307925.6814945
26,1,[35],SOURCE_WINDOW,1780307926.6854851
27,10,"[21, 33, 11, 7, 37, 19, 2, 6, 24, 30]",SOURCE_WINDOW,1780307927.709479
28,3,"[7, 16, 5]",SOURCE_WINDOW,1780307928.7214801
29,4,"[21, 20, 24, 36]",SOURCE_WINDOW,1780307929.7334833
30,4,"[11, 2, 7, 13]",SOURCE_WINDOW,1780307936.6495147
31,1,[24],SOURCE_WINDOW,1780307937.6535223
32,2,"[20, 4]",SOURCE_WINDOW,1780307938.6655045
33,4,"[27, 11, 21, 3]",SOURCE_WINDOW,1780307939.677513
34,3,"[10, 24, 7]",SOURCE_WINDOW,1780307940.689512
35,1,[35],SOURCE_WINDOW,1780307941.6935081
36,8,"[23, 31, 7, 35, 17, 14, 37, 33]",SOURCE_WINDOW,1780307948.621521
37,4,"[19, 9, 15, 11]",SOURCE_WINDOW,1780307949.63351
38,3,"[25, 12, 15]",SOURCE_WINDOW,1780307950.6455035
39,7,"[22, 34, 25, 16, 31, 17, 27]",SOURCE_WINDOW,1780307951.6655061
40,8,"[16, 7, 33, 27, 35, 36, 21, 0]",SOURCE_WINDOW,1780307952.6894982
41,7,"[30, 22, 5, 9, 36, 3, 28]",SOURCE_WINDOW,1780307953.7094986
42,1,[11],SOURCE_WINDOW,1780307960.6175234
43,3,"[36, 29, 20]",SOURCE_WINDOW,1780307961.6295068
44,10,"[29, 15, 8, 12, 36, 10, 25, 18, 11, 6]",SOURCE_WINDOW,1780307962.6535065
45,2,"[23, 14]",SOURCE_WINDOW,1780307963.6654983
46,1,[6],SOURCE_WINDOW,1780307964.669496
47,4,"[29, 28, 33, 5]",SOURCE_WINDOW,1780307965.6815038
48,9,"[20, 37, 9, 32, 3, 35, 17, 30, 1]",SOURCE_WINDOW,1780307972.6095212
49,3,"[24, 13, 18]",SOURCE_WINDOW,1780307973.621525
50,3,"[15, 18, 16]",SOURCE_WINDOW,1780307974.6335092
51,4,"[1, 30, 18, 8]",SOURCE_WINDOW,1780307975.645504
52,3,"[21, 35, 24]",SOURCE_WINDOW,1780307976.657508
53,7,"[9, 25, 2, 10, 12, 31, 37]",SOURCE_WINDOW,1780307977.6775317
54,4,"[9, 28, 23, 32]",SOURCE_WINDOW,1780307984.5935326
55,1,[26],SOURCE_WINDOW,1780307985.5975106
56,3,"[10, 25, 6]",SOURCE_WINDOW,1780307986.6095037
57,3,"[24, 9, 33]",SOURCE_WINDOW,1780307987.6214988
58,5,"[21, 11, 14, 33, 1]",SOURCE_WINDOW,1780307988.6414964
59,8,"[25, 16, 20, 6, 36, 4, 22, 7]",SOURCE_WINDOW,1780307989.6654973
60,3,"[24, 10, 21]",SOURCE_WINDOW,1780307997.5855272
61,7,"[33, 17, 35, 26, 20, 10, 8]",SOURCE_WINDOW,1780307998.6055102
62,1,[35],SOURCE_WINDOW,1780307999.6095047
63,4,"[16, 1, 11, 23]",SOURCE_WINDOW,1780308001.6255066
64,5,"[7, 20, 17, 0, 23]",SOURCE_WINDOW,1780308008.649517
65,4,"[19, 27, 26, 23]",SOURCE_WINDOW,1780308009.66151
66,4,"[7, 6, 13, 37]",SOURCE_WINDOW,1780308011.6775365
67,4,"[3, 26, 35, 6]",SOURCE_WINDOW,1780308012.6895123
68,1,[4],SOURCE_WINDOW,1780308013.6935058
69,2,"[16, 28]",SOURCE_WINDOW,1780308021.6055162
70,1,[23],SOURCE_WINDOW,1780308022.6095114
71,1,[11],SOURCE_WINDOW,1780308023.6135006
72,6,"[1, 34, 32, 29, 16, 2]",SOURCE_WINDOW,1780308025.637506
73,1,[1],SOURCE_WINDOW,1780308032.645519
74,2,"[28, 10]",SOURCE_WINDOW,1780308033.657506
75,1,[35],SOURCE_WINDOW,1780308035.665506
76,1,[34],SOURCE_WINDOW,1780308036.6695023
77,8,"[26, 5, 25, 19, 16, 18, 9, 17]",SOURCE_WINDOW,1780308037.693503
78,4,"[9, 22, 4, 24]",SOURCE_WINDOW,1780308045.6135397
79,6,"[3, 19, 10, 5, 28, 32]",SOURCE_WINDOW,1780308046.6335137
80,3,"[20, 9, 6]",SOURCE_WINDOW,1780308047.645504
81,7,"[3, 7, 6, 5, 10, 33, 18]",SOURCE_WINDOW,1780308049.6695063
82,2,"[6, 32]",SOURCE_WINDOW,1780308056.5855405
83,2,"[22, 27]",SOURCE_WINDOW,1780308057.5975137
84,3,"[10, 11, 5]",SOURCE_WINDOW,1780308059.6135087
85,8,"[25, 28, 4, 36, 5, 33, 18, 0]",SOURCE_WINDOW,1780308060.637505
86,2,"[10, 18]",SOURCE_WINDOW,1780308061.6495054
87,7,"[15, 14, 29, 19, 9, 0, 33]",SOURCE_WINDOW,1780308069.6775126
88,1,[15],SOURCE_WINDOW,1780308070.6815073
89,3,"[35, 31, 15]",SOURCE_WINDOW,1780308071.6934981
90,1,[33],SOURCE_WINDOW,1780308073.7015045
91,8,"[27, 28, 8, 13, 14, 5, 23, 0]",SOURCE_WINDOW,1780308080.6295388
92,1,[2],SOURCE_WINDOW,1780308081.633507
93,2,"[0, 37]",SOURCE_WINDOW,1780308083.6414979
94,1,[26],SOURCE_WINDOW,1780308084.6454914
95,4,"[17, 10, 1, 12]",SOURCE_WINDOW,1780308085.6574962
96,4,"[30, 29, 2, 15]",SOURCE_WINDOW,1780308093.577517
97,1,[10],SOURCE_WINDOW,1780308094.5814981
98,10,"[21, 10, 6, 29, 19, 24, 5, 2, 17, 13]",SOURCE_WINDOW,1780308095.6054997
99,1,[29],SOURCE_WINDOW,1780308097.613509
100,2,"[4, 11]",SOURCE_WINDOW,1780308104.6295178
101,4,"[9, 31, 10, 5]",SOURCE_WINDOW,1780308105.641515
102,8,"[29, 11, 1, 8, 15, 32, 12, 34]",SOURCE_WINDOW,1780308107.6655116
103,1,[35],SOURCE_WINDOW,1780308108.669499
104,4,"[25, 24, 27, 1]",SOURCE_WINDOW,1780308109.681508
105,4,"[18, 9, 32, 20]",SOURCE_WINDOW,1780308117.6015182
106,3,"[25, 27, 7]",SOURCE_WINDOW,1780308118.613495
107,4,"[16, 27, 28, 31]",SOURCE_WINDOW,1780308119.6254914
108,2,"[36, 18]",SOURCE_WINDOW,1780308121.633493
109,1,[26],SOURCE_WINDOW,1780308128.6415217
110,5,"[16, 4, 35, 2, 5]",SOURCE_WINDOW,1780308129.66151
111,10,"[33, 8, 26, 19, 27, 5, 7, 30, 24, 20]",SOURCE_WINDOW,1780308131.6935074
112,1,[13],SOURCE_WINDOW,1780308132.6974952
113,3,"[20, 5, 26]",SOURCE_WINDOW,1780308133.709484
114,3,"[21, 31, 16]",SOURCE_WINDOW,1780308141.6295166
115,4,"[22, 35, 27, 23]",SOURCE_WINDOW,1780308142.641498
116,1,[17],SOURCE_WINDOW,1780308143.6455176
117,4,"[26, 11, 1, 23]",SOURCE_WINDOW,1780308145.6615071
118,3,"[0, 33, 12]",SOURCE_WINDOW,1780308152.5775304
119,1,[18],SOURCE_WINDOW,1780308153.5815127
120,4,"[20, 36, 1, 3]",SOURCE_WINDOW,1780308155.5975094
121,4,"[29, 2, 16, 34]",SOURCE_WINDOW,1780308156.609504
122,8,"[6, 27, 35, 29, 33, 7, 9, 8]",SOURCE_WINDOW,1780308157.6334887
123,3,"[5, 24, 35]",SOURCE_WINDOW,1780308165.6535168
124,4,"[20, 27, 6, 35]",SOURCE_WINDOW,1780308166.6654952
125,4,"[21, 25, 32, 6]",SOURCE_WINDOW,1780308167.6774855
126,1,[15],SOURCE_WINDOW,1780308169.6854873
127,9,"[6, 5, 23, 12, 17, 13, 20, 19, 33]",SOURCE_WINDOW,1780308176.6175208
128,5,"[22, 0, 32, 2, 19]",SOURCE_WINDOW,1780308177.6375077
129,3,"[8, 16, 5]",SOURCE_WINDOW,1780308179.653503
130,3,"[14, 36, 6]",SOURCE_WINDOW,1780308180.6654956
131,1,[36],SOURCE_WINDOW,1780308181.669503
132,3,"[10, 17, 19]",SOURCE_WINDOW,1780308189.589514
133,3,"[14, 36, 16]",SOURCE_WINDOW,1780308190.601493
134,4,"[14, 21, 33, 26]",SOURCE_WINDOW,1780308191.6134837
135,2,"[36, 29]",SOURCE_WINDOW,1780308193.6214879
136,2,"[2, 37]",SOURCE_WINDOW,1780308200.63752
137,4,"[17, 16, 30, 27]",SOURCE_WINDOW,1780308201.6494908
138,2,"[10, 36]",SOURCE_WINDOW,1780308203.6574998
139,4,"[24, 26, 6, 31]",SOURCE_WINDOW,1780308204.6694846
140,4,"[7, 14, 10, 1]",SOURCE_WINDOW,1780308205.681483
141,3,"[0, 8, 20]",SOURCE_WINDOW,1780308213.6015148
142,3,"[5, 4, 26]",SOURCE_WINDOW,1780308214.6134987
143,4,"[19, 7, 28, 5]",SOURCE_WINDOW,1780308215.625491
144,4,"[11, 4, 5, 35]",SOURCE_WINDOW,1780308217.6415079
145,4,"[36, 13, 8, 2]",SOURCE_WINDOW,1780308224.6575172
146,7,"[9, 25, 29, 28, 4, 27, 23]",SOURCE_WINDOW,1780308225.6774905
147,1,[21],SOURCE_WINDOW,1780308227.6854978
148,3,"[5, 34, 8]",SOURCE_WINDOW,1780308228.6974823
149,1,[30],SOURCE_WINDOW,1780308229.7014947
150,4,"[0, 32, 8, 16]",SOURCE_WINDOW,1780308237.621515
151,9,"[4, 0, 5, 18, 19, 30, 7, 3, 13]",SOURCE_WINDOW,1780308238.645504
152,8,"[3, 35, 13, 20, 23, 37, 18, 31]",SOURCE_WINDOW,1780308239.669489
153,2,"[0, 11]",SOURCE_WINDOW,1780308241.6774933
154,1,[8],SOURCE_WINDOW,1780308248.5855203
155,1,[6],SOURCE_WINDOW,1780308249.589499
156,1,[36],SOURCE_WINDOW,1780308251.597511
157,4,"[17, 7, 27, 36]",SOURCE_WINDOW,1780308252.6094873
158,6,"[9, 12, 22, 0, 23, 16]",SOURCE_WINDOW,1780308253.629485
159,4,"[23, 33, 37, 3]",SOURCE_WINDOW,1780308261.649511
160,5,"[29, 16, 1, 13, 4]",SOURCE_WINDOW,1780308262.6694968
161,1,[19],SOURCE_WINDOW,1780308263.6734977
162,3,"[35, 34, 6]",SOURCE_WINDOW,1780308265.689505
163,8,"[0, 9, 12, 35, 28, 26, 31, 6]",SOURCE_WINDOW,1780308272.6175225
164,4,"[6, 36, 23, 13]",SOURCE_WINDOW,1780308273.62951
165,3,"[5, 33, 9]",SOURCE_WINDOW,1780308275.6455066
166,2,"[22, 2]",SOURCE_WINDOW,1780308276.6574888
167,7,"[9, 13, 12, 2, 21, 36, 3]",SOURCE_WINDOW,1780308277.6774905
168,2,"[16, 12]",SOURCE_WINDOW,1780308285.5895202
169,8,"[32, 31, 37, 23, 5, 19, 25, 18]",SOURCE_WINDOW,1780308286.6134953
170,1,[0],SOURCE_WINDOW,1780308287.617483
171,10,"[4, 17, 19, 15, 29, 30, 1, 31, 28, 33]",SOURCE_WINDOW,1780308289.6495008
172,1,[9],SOURCE_WINDOW,1780308296.657533
173,3,"[17, 35, 4]",SOURCE_WINDOW,1780308297.6694934
174,1,[1],SOURCE_WINDOW,1780308299.6774957
175,4,"[37, 15, 22, 27]",SOURCE_WINDOW,1780308300.6654837
176,3,"[3, 24, 22]",SOURCE_WINDOW,1780308301.6774814
177,1,[37],SOURCE_WINDOW,1780308309.5615149
178,4,"[23, 26, 25, 33]",SOURCE_WINDOW,1780308310.5735102
179,1,[30],SOURCE_WINDOW,1780308311.577505
180,3,"[21, 19, 20]",SOURCE_WINDOW,1780308313.5934985
181,7,"[3, 7, 37, 6, 24, 12, 23]",SOURCE_WINDOW,1780308320.6175332
182,2,"[4, 34]",SOURCE_WINDOW,1780308321.6295106
183,1,[16],SOURCE_WINDOW,1780308323.6375132
184,4,"[5, 20, 31, 7]",SOURCE_WINDOW,1780308324.6495008
185,1,[13],SOURCE_WINDOW,1780308325.6534994
186,1,[12],SOURCE_WINDOW,1780308333.6655183
187,1,[9],SOURCE_WINDOW,1780308334.6695054
188,4,"[28, 29, 16, 23]",SOURCE_WINDOW,1780308335.6815014
189,1,[35],SOURCE_WINDOW,1780308337.6895056
190,1,[18],SOURCE_WINDOW,1780308344.5975246
191,4,"[13, 5, 21, 35]",SOURCE_WINDOW,1780308345.6095116
192,4,"[19, 27, 24, 25]",SOURCE_WINDOW,1780308347.6255107
193,3,"[35, 2, 7]",SOURCE_WINDOW,1780308348.6375098
194,2,"[1, 2]",SOURCE_WINDOW,1780308349.6495051
195,4,"[17, 20, 28, 1]",SOURCE_WINDOW,1780308357.669521
196,1,[30],SOURCE_WINDOW,1780308358.6735048
0,4,"[11, 32, 15, 23]",SOURCE_WINDOW,1780308421.0775216
1,1,[30],SOURCE_WINDOW,1780308422.0815022
2,1,[4],SOURCE_WINDOW,1780308423.085504
3,8,"[34, 30, 9, 37, 3, 28, 21, 35]",SOURCE_WINDOW,1780308424.1094854
4,2,"[35, 17]",SOURCE_WINDOW,1780308425.1214879
5,10,"[4, 22, 7, 0, 19, 1, 16, 15, 14, 36]",SOURCE_WINDOW,1780308426.1454854
6,2,"[18, 24]",SOURCE_WINDOW,1780308433.061513
7,1,[15],SOURCE_WINDOW,1780308434.0654955
8,3,"[17, 6, 23]",SOURCE_WINDOW,1780308435.0774932
9,2,"[10, 8]",SOURCE_WINDOW,1780308436.0894833
10,10,"[8, 10, 31, 3, 14, 15, 17, 32, 33, 35]",SOURCE_WINDOW,1780308437.1134796
11,3,"[9, 27, 26]",SOURCE_WINDOW,1780308438.1254895
12,2,"[9, 5]",SOURCE_WINDOW,1780308445.1415157
13,1,[22],SOURCE_WINDOW,1780308446.1454968
14,1,[15],SOURCE_WINDOW,1780308447.149503
15,4,"[33, 31, 19, 32]",SOURCE_WINDOW,1780308448.161485
16,3,"[26, 17, 23]",SOURCE_WINDOW,1780308449.1734822
17,1,[27],SOURCE_WINDOW,1780308450.1775033
18,2,"[21, 36]",SOURCE_WINDOW,1780308457.0935178
19,4,"[3, 25, 21, 34]",SOURCE_WINDOW,1780308458.1054957
20,4,"[0, 7, 17, 6]",SOURCE_WINDOW,1780308459.1174893
21,1,[18],SOURCE_WINDOW,1780308460.1214812
22,3,"[11, 32, 0]",SOURCE_WINDOW,1780308461.133486
23,2,"[8, 33]",SOURCE_WINDOW,1780308462.145484
24,2,"[31, 10]",SOURCE_WINDOW,1780308469.0615132
25,4,"[3, 24, 19, 10]",SOURCE_WINDOW,1780308470.0734973
26,6,"[8, 34, 9, 37, 28, 32]",SOURCE_WINDOW,1780308471.093499
27,2,"[36, 17]",SOURCE_WINDOW,1780308472.1054807
28,10,"[11, 28, 31, 19, 23, 0, 30, 7, 13, 10]",SOURCE_WINDOW,1780308473.1294804
29,3,"[31, 6, 7]",SOURCE_WINDOW,1780308474.1414847
30,6,"[35, 16, 37, 33, 18, 17]",SOURCE_WINDOW,1780308481.0655093
31,4,"[37, 16, 33, 8]",SOURCE_WINDOW,1780308482.053498
32,10,"[15, 27, 12, 10, 7, 9, 8, 31, 13, 2]",SOURCE_WINDOW,1780308483.0774934
33,10,"[36, 25, 33, 6, 21, 28, 35, 8, 24, 13]",SOURCE_WINDOW,1780308484.101514
34,1,[6],SOURCE_WINDOW,1780308485.1054904
35,4,"[0, 18, 22, 17]",SOURCE_WINDOW,1780308486.117484
36,2,"[33, 5]",SOURCE_WINDOW,1780308493.133514
37,1,[35],SOURCE_WINDOW,1780308494.137497
38,8,"[6, 25, 13, 30, 37, 9, 16, 22]",SOURCE_WINDOW,1780308495.1614945
39,2,"[11, 15]",SOURCE_WINDOW,1780308496.173482
40,2,"[0, 32]",SOURCE_WINDOW,1780308497.185479
41,3,"[37, 29, 1]",SOURCE_WINDOW,1780308498.1654868
42,1,[22],SOURCE_WINDOW,1780308505.073519
43,2,"[1, 20]",SOURCE_WINDOW,1780308506.0854983
44,2,"[31, 33]",SOURCE_WINDOW,1780308507.0975032
45,2,"[5, 35]",SOURCE_WINDOW,1780308508.1094792
46,7,"[4, 10, 33, 18, 24, 5, 28]",SOURCE_WINDOW,1780308509.1294773
47,2,"[1, 20]",SOURCE_WINDOW,1780308510.1414838
48,2,"[20, 32]",SOURCE_WINDOW,1780308517.057515
49,4,"[12, 20, 25, 19]",SOURCE_WINDOW,1780308518.0695283
50,6,"[28, 20, 19, 23, 6, 5]",SOURCE_WINDOW,1780308519.0894883
51,3,"[1, 29, 14]",SOURCE_WINDOW,1780308520.101481
52,3,"[27, 21, 25]",SOURCE_WINDOW,1780308521.1134856
53,2,"[16, 23]",SOURCE_WINDOW,1780308522.1255322
54,1,[13],SOURCE_WINDOW,1780308529.1335177
55,3,"[22, 15, 10]",SOURCE_WINDOW,1780308530.1454973
56,5,"[28, 16, 26, 8, 11]",SOURCE_WINDOW,1780308531.165506
57,5,"[0, 14, 22, 15, 29]",SOURCE_WINDOW,1780308532.1854873
58,4,"[34, 5, 35, 3]",SOURCE_WINDOW,1780308533.1974804
59,1,[17],SOURCE_WINDOW,1780308534.2014856
60,2,"[19, 36]",SOURCE_WINDOW,1780308542.1135147
61,2,"[33, 10]",SOURCE_WINDOW,1780308543.1255121
62,2,"[8, 28]",SOURCE_WINDOW,1780308544.1374817
63,7,"[21, 18, 9, 36, 1, 13, 7]",SOURCE_WINDOW,1780308546.1614938
64,2,"[0, 5]",SOURCE_WINDOW,1780308553.0775135
65,4,"[9, 21, 33, 35]",SOURCE_WINDOW,1780308554.0894947
66,2,"[37, 5]",SOURCE_WINDOW,1780308556.0695398
67,2,"[7, 6]",SOURCE_WINDOW,1780308557.0814903
68,3,"[35, 36, 19]",SOURCE_WINDOW,1780308558.0934863
69,2,"[27, 30]",SOURCE_WINDOW,1780308566.1055152
70,3,"[26, 20, 36]",SOURCE_WINDOW,1780308567.1175094
71,2,"[1, 11]",SOURCE_WINDOW,1780308568.1294873
72,2,"[0, 32]",SOURCE_WINDOW,1780308570.137492
73,1,[10],SOURCE_WINDOW,1780308577.1455128
74,4,"[2, 9, 6, 30]",SOURCE_WINDOW,1780308578.157494
75,3,"[25, 28, 18]",SOURCE_WINDOW,1780308580.173493
76,1,[9],SOURCE_WINDOW,1780308581.1774926
77,3,"[31, 11, 23]",SOURCE_WINDOW,1780308582.1894882
78,3,"[20, 35, 22]",SOURCE_WINDOW,1780308590.1095138
79,2,"[15, 24]",SOURCE_WINDOW,1780308591.1215186
80,6,"[28, 16, 26, 21, 1, 25]",SOURCE_WINDOW,1780308592.1414864
81,1,[30],SOURCE_WINDOW,1780308594.1495028
82,1,[31],SOURCE_WINDOW,1780308601.0575163
83,1,[32],SOURCE_WINDOW,1780308602.061493
84,9,"[3, 19, 17, 2, 20, 1, 4, 35, 30]",SOURCE_WINDOW,1780308604.0854986
85,1,[12],SOURCE_WINDOW,1780308605.089489
86,3,"[2, 11, 25]",SOURCE_WINDOW,1780308606.1014864
87,4,"[37, 8, 35, 5]",SOURCE_WINDOW,1780308614.0935125
88,1,[15],SOURCE_WINDOW,1780308615.0975125
89,2,"[33, 29]",SOURCE_WINDOW,1780308616.1094866
90,1,[4],SOURCE_WINDOW,1780308618.1174903
91,4,"[37, 30, 19, 2]",SOURCE_WINDOW,1780308625.109517
92,6,"[24, 15, 35, 11, 10, 8]",SOURCE_WINDOW,1780308626.129493
93,4,"[22, 35, 23, 36]",SOURCE_WINDOW,1780308628.145509
94,4,"[2, 18, 8, 25]",SOURCE_WINDOW,1780308629.1574852
95,3,"[6, 26, 19]",SOURCE_WINDOW,1780308630.1694875
96,10,"[20, 13, 1, 29, 35, 37, 7, 5, 17, 23]",SOURCE_WINDOW,1780308638.105515
97,1,[1],SOURCE_WINDOW,1780308639.1095142
98,5,"[20, 10, 30, 18, 21]",SOURCE_WINDOW,1780308640.129484
99,1,[32],SOURCE_WINDOW,1780308642.1374977
100,3,"[36, 1, 2]",SOURCE_WINDOW,1780308649.153508
101,4,"[7, 9, 8, 3]",SOURCE_WINDOW,1780308650.1654973
102,3,"[31, 14, 2]",SOURCE_WINDOW,1780308652.1815057
103,2,"[27, 2]",SOURCE_WINDOW,1780308653.1934826
104,2,"[15, 1]",SOURCE_WINDOW,1780308654.2055182
105,3,"[10, 24, 26]",SOURCE_WINDOW,1780308662.1255138
106,3,"[17, 1, 29]",SOURCE_WINDOW,1780308663.137511
107,3,"[20, 29, 33]",SOURCE_WINDOW,1780308664.1494858
108,4,"[3, 15, 16, 14]",SOURCE_WINDOW,1780308666.165496
109,1,[28],SOURCE_WINDOW,1780308673.073518
110,1,[28],SOURCE_WINDOW,1780308674.0774946
111,3,"[35, 37, 21]",SOURCE_WINDOW,1780308676.0935087
112,2,"[32, 22]",SOURCE_WINDOW,1780308677.1054835
113,4,"[31, 11, 29, 14]",SOURCE_WINDOW,1780308678.117486
114,4,"[21, 24, 33, 28]",SOURCE_WINDOW,1780308686.1375093
115,7,"[16, 20, 30, 24, 18, 15, 33]",SOURCE_WINDOW,1780308687.157492
116,3,"[4, 21, 19]",SOURCE_WINDOW,1780308688.1695187
117,4,"[26, 35, 6, 15]",SOURCE_WINDOW,1780308690.185497
118,4,"[11, 8, 5, 14]",SOURCE_WINDOW,1780308697.1015158
119,3,"[3, 9, 2]",SOURCE_WINDOW,1780308698.1134987
120,4,"[24, 4, 32, 1]",SOURCE_WINDOW,1780308700.1294959
121,4,"[0, 24, 13, 22]",SOURCE_WINDOW,1780308701.1414914
122,2,"[26, 37]",SOURCE_WINDOW,1780308702.1534858
123,1,[28],SOURCE_WINDOW,1780308710.0655107
124,2,"[1, 35]",SOURCE_WINDOW,1780308711.0775054
125,8,"[11, 27, 24, 7, 6, 17, 31, 34]",SOURCE_WINDOW,1780308712.1014838
126,4,"[0, 8, 3, 18]",SOURCE_WINDOW,1780308714.1174934
127,4,"[28, 1, 16, 35]",SOURCE_WINDOW,1780308721.1335156
128,2,"[32, 31]",SOURCE_WINDOW,1780308722.1455374
129,6,"[21, 24, 7, 32, 8, 13]",SOURCE_WINDOW,1780308724.1694968
130,5,"[19, 8, 30, 36, 26]",SOURCE_WINDOW,1780308725.189486
131,5,"[29, 27, 24, 3, 17]",SOURCE_WINDOW,1780308726.2095368
132,2,"[29, 14]",SOURCE_WINDOW,1780308734.1295135
133,2,"[11, 32]",SOURCE_WINDOW,1780308735.1415083
134,3,"[14, 1, 10]",SOURCE_WINDOW,1780308736.1534863
135,3,"[26, 12, 28]",SOURCE_WINDOW,1780308738.1694956
136,3,"[16, 36, 0]",SOURCE_WINDOW,1780308745.085515
137,8,"[22, 12, 0, 14, 29, 4, 30, 32]",SOURCE_WINDOW,1780308746.1094995
138,2,"[30, 10]",SOURCE_WINDOW,1780308748.1174972
139,2,"[18, 19]",SOURCE_WINDOW,1780308749.1294804
140,1,[29],SOURCE_WINDOW,1780308750.13349
141,1,[25],SOURCE_WINDOW,1780308758.1455188
142,2,"[36, 9]",SOURCE_WINDOW,1780308759.1574874
143,3,"[18, 33, 0]",SOURCE_WINDOW,1780308760.169536
144,2,"[7, 37]",SOURCE_WINDOW,1780308762.1775007
145,10,"[14, 33, 0, 22, 8, 3, 27, 11, 2, 24]",SOURCE_WINDOW,1780308769.1055164
146,2,"[30, 28]",SOURCE_WINDOW,1780308770.1174989
147,4,"[29, 25, 34, 19]",SOURCE_WINDOW,1780308772.1334982
148,10,"[17, 1, 25, 8, 11, 19, 22, 20, 9, 34]",SOURCE_WINDOW,1780308773.1574838
149,2,"[8, 24]",SOURCE_WINDOW,1780308774.1694858
150,2,"[26, 21]",SOURCE_WINDOW,1780308782.0815153
151,3,"[3, 34, 32]",SOURCE_WINDOW,1780308783.0934935
152,1,[20],SOURCE_WINDOW,1780308784.097505
153,5,"[18, 30, 25, 13, 4]",SOURCE_WINDOW,1780308786.113503
154,10,"[27, 16, 35, 26, 21, 28, 3, 2, 23, 30]",SOURCE_WINDOW,1780308793.1415179
155,1,[19],SOURCE_WINDOW,1780308794.1495452
156,2,"[19, 11]",SOURCE_WINDOW,1780308796.1575198
157,10,"[33, 12, 16, 24, 11, 36, 20, 28, 17, 13]",SOURCE_WINDOW,1780308797.1815078
158,4,"[4, 25, 15, 13]",SOURCE_WINDOW,1780308798.19352
159,10,"[23, 2, 33, 19, 22, 28, 10, 0, 11, 35]",SOURCE_WINDOW,1780308806.1295176
160,7,"[8, 7, 32, 9, 21, 30, 4]",SOURCE_WINDOW,1780308807.1495204
161,1,[9],SOURCE_WINDOW,1780308808.1535144
162,1,[2],SOURCE_WINDOW,1780308810.1615112
163,2,"[12, 8]",SOURCE_WINDOW,1780308817.0775177
164,4,"[14, 28, 17, 7]",SOURCE_WINDOW,1780308818.089505
165,2,"[30, 3]",SOURCE_WINDOW,1780308820.0975144
166,4,"[9, 1, 36, 21]",SOURCE_WINDOW,1780308821.109503
167,1,[1],SOURCE_WINDOW,1780308822.1135023
168,3,"[2, 21, 18]",SOURCE_WINDOW,1780308830.1335156
169,1,[7],SOURCE_WINDOW,1780308831.1375184
170,2,"[13, 32]",SOURCE_WINDOW,1780308832.1495082
171,3,"[16, 32, 11]",SOURCE_WINDOW,1780308834.1655114
172,4,"[20, 14, 30, 4]",SOURCE_WINDOW,1780308841.08152
173,7,"[36, 31, 37, 27, 35, 8, 21]",SOURCE_WINDOW,1780308842.1015081
174,1,[12],SOURCE_WINDOW,1780308844.1095178
175,7,"[2, 25, 30, 31, 24, 20, 27]",SOURCE_WINDOW,1780308845.1295094
176,1,[7],SOURCE_WINDOW,1780308846.1335027
177,10,"[3, 4, 0, 23, 29, 30, 11, 24, 20, 16]",SOURCE_WINDOW,1780308854.169515
178,5,"[22, 37, 27, 28, 0]",SOURCE_WINDOW,1780308855.189518
179,6,"[37, 10, 5, 16, 28, 36]",SOURCE_WINDOW,1780308856.1775086
180,1,[25],SOURCE_WINDOW,1780308858.185506
181,3,"[9, 7, 8]",SOURCE_WINDOW,1780308865.1015196
182,5,"[26, 30, 13, 18, 37]",SOURCE_WINDOW,1780308866.1215115
183,4,"[29, 18, 12, 14]",SOURCE_WINDOW,1780308868.137517
184,2,"[24, 15]",SOURCE_WINDOW,1780308869.149507
185,3,"[37, 33, 30]",SOURCE_WINDOW,1780308870.1295033
186,2,"[21, 2]",SOURCE_WINDOW,1780308878.1415195
187,7,"[21, 5, 29, 34, 12, 15, 32]",SOURCE_WINDOW,1780308879.1615179
188,3,"[1, 27, 24]",SOURCE_WINDOW,1780308880.1735082
189,1,[11],SOURCE_WINDOW,1780308882.181511
190,1,[4],SOURCE_WINDOW,1780308889.0895202
191,1,[30],SOURCE_WINDOW,1780308890.0935092
192,3,"[1, 15, 7]",SOURCE_WINDOW,1780308892.1095152
193,9,"[5, 21, 20, 35, 9, 3, 33, 16, 37]",SOURCE_WINDOW,1780308893.1335187
194,4,"[34, 14, 2, 20]",SOURCE_WINDOW,1780308894.1455154
195,1,[5],SOURCE_WINDOW,1780308902.0575218
196,10,"[36, 28, 10, 22, 0, 15, 19, 35, 4, 23]",SOURCE_WINDOW,1780308903.0815237
197,9,"[13, 3, 16, 34, 19, 2, 8, 9, 29]",SOURCE_WINDOW,1780308904.105511
198,4,"[28, 17, 23, 15]",SOURCE_WINDOW,1780308906.1215096
199,3,"[0, 9, 28]",SOURCE_WINDOW,1780308913.137519
200,2,"[20, 18]",SOURCE_WINDOW,1780308914.149509
201,1,[6],SOURCE_WINDOW,1780308916.15751
202,4,"[29, 32, 30, 36]",SOURCE_WINDOW,1780308917.1695201
203,2,"[22, 34]",SOURCE_WINDOW,1780308918.1815
204,3,"[20, 12, 25]",SOURCE_WINDOW,1780308926.1015196
205,4,"[7, 37, 16, 11]",SOURCE_WINDOW,1780308927.1135178
206,4,"[6, 36, 5, 7]",SOURCE_WINDOW,1780308928.1255078
207,1,[26],SOURCE_WINDOW,1780308930.133507
208,3,"[14, 0, 12]",SOURCE_WINDOW,1780308937.1495192
209,4,"[33, 21, 17, 5]",SOURCE_WINDOW,1780308938.1615078
210,4,"[4, 26, 7, 1]",SOURCE_WINDOW,1780308940.1775248
211,4,"[36, 18, 35, 24]",SOURCE_WINDOW,1780308941.1895092
212,4,"[2, 27, 33, 0]",SOURCE_WINDOW,1780308942.2015047
213,4,"[8, 32, 1, 6]",SOURCE_WINDOW,1780308950.1215148
214,1,[20],SOURCE_WINDOW,1780308951.1255176
215,2,"[9, 20]",SOURCE_WINDOW,1780308952.1375105
216,1,[16],SOURCE_WINDOW,1780308954.145509
217,1,[21],SOURCE_WINDOW,1780308961.0535278
218,3,"[0, 37, 5]",SOURCE_WINDOW,1780308962.0655136
219,6,"[4, 0, 18, 29, 24, 13]",SOURCE_WINDOW,1780308964.089512
220,3,"[4, 37, 12]",SOURCE_WINDOW,1780308965.101522
221,8,"[31, 27, 16, 7, 29, 18, 34, 26]",SOURCE_WINDOW,1780308966.1255138
222,2,"[0, 8]",SOURCE_WINDOW,1780308974.137519
223,7,"[25, 14, 26, 32, 13, 12, 21]",SOURCE_WINDOW,1780308975.1575124
224,7,"[8, 26, 6, 4, 24, 34, 15]",SOURCE_WINDOW,1780308976.1775048
225,2,"[15, 29]",SOURCE_WINDOW,1780308978.185507
